event_id,frp_mean,frp_max,confidence,facility_distance,facility_count,osm_industrial_distance,osm_industrial_count,osm_industrial_area_ratio,osm_road_distance,osm_building_count,osm_building_density,osm_powerplant_distance,osm_substation_distance,osm_mine_distance,osm_quarry_distance,forest_ratio,agriculture_ratio,builtup_ratio,detection_count,event_duration_hours,recurrence_count,label
EVT-IND-001,133.092,149.147,0.985,1153.65,5,1404.4230849729358,5,0.9191971055618944,1052.1046830078585,280,0.3159241435213547,14636.773039387663,9157.562453685201,79248.23761186452,15427.02236952795,0.01,0.054,0.472,3,47.07,1,INDUSTRIAL_FIRE
EVT-IND-002,60.222,88.282,0.793,1250.07,2,838.1753913172424,4,0.9485089452048987,972.9203777193835,241,0.825933129289581,6706.871562527233,2804.140789238845,56794.72434053598,9190.273842105005,0.028,0.116,0.786,8,56.49,3,INDUSTRIAL_FIRE
EVT-IND-003,48.915,76.419,0.936,1452.89,1,1498.3545509870187,2,0.8759777282367107,544.6984328322052,390,0.9294886170764323,13407.504707700746,9362.763615177766,21879.954661640855,48271.937361522316,0.03,0.056,0.364,6,35.3,2,INDUSTRIAL_FIRE
EVT-IND-004,92.759,155.325,0.927,502.93,4,126.65659012765036,4,0.8437110498942555,1122.2479907435693,117,0.927256812703947,4954.797836258464,4508.47050181494,48546.91369375337,21378.721831175713,0.031,0.035,0.659,10,11.78,3,INDUSTRIAL_FIRE
EVT-IND-005,128.052,202.178,0.944,715.43,4,277.3626343370754,5,0.6475710200918802,1011.3247121301154,301,0.5560063432106315,12506.905121261778,8433.154713826765,33299.56421405799,83729.2007353345,0.011,0.014,0.651,8,41.57,3,INDUSTRIAL_FIRE
EVT-IND-006,110.805,162.817,0.844,94.69,2,1458.3376256194033,6,0.673981084690005,1030.0933458829636,250,0.34782673852651685,3078.632216879114,187.61101003696558,79331.66461770743,67490.53308942712,0.033,0.102,0.39,6,6.08,2,INDUSTRIAL_FIRE
EVT-IND-007,111.34,182.366,0.92,639.26,4,1284.0394125960863,2,0.7473337834814862,861.7369700102828,475,0.34785789868936023,1806.4980956860043,8053.995245306613,48696.331995883855,57827.902328675314,0.013,0.003,0.304,9,34.33,3,INDUSTRIAL_FIRE
EVT-IND-008,48.608,76.424,0.874,602.48,2,1388.7480004780448,5,0.7880391422829383,847.6265979032121,391,0.4627650686438285,559.1857350622972,5296.9369318651125,23814.713263494334,42627.27844128971,0.029,0.011,0.321,5,69.33,2,INDUSTRIAL_FIRE
EVT-IND-009,175.222,286.324,0.931,701.57,2,1543.4553782192907,1,0.5750701789262984,436.4481601925549,163,0.45551563043667853,9962.556069430737,6728.682612861212,79038.12628332211,67438.4134117566,0.008,0.108,0.523,9,23.42,5,INDUSTRIAL_FIRE
EVT-IND-010,157.775,255.421,0.931,676.53,2,761.1770075201234,3,0.6217983555603127,53.613868238113504,493,0.3130335025429492,10863.154323887109,5596.33903999151,18643.362566259373,51601.343185026264,0.052,0.01,0.499,8,4.91,3,INDUSTRIAL_FIRE
EVT-IND-011,41.027,61.161,0.816,1391.42,1,316.5461797480447,4,0.7418471984968332,583.911414622794,426,0.46105846240351356,9491.210637471439,4405.570065585346,11502.042173661797,14446.572505689986,0.028,0.071,0.264,3,35.76,1,INDUSTRIAL_FIRE
EVT-IND-012,100.432,142.416,0.977,879.01,3,1733.3209129616505,3,0.8508740675386224,413.487542960089,547,0.9284234641434067,11703.38846909034,8630.993250992047,46588.0657079475,29407.431498980426,0.027,0.062,0.513,6,3.51,3,INDUSTRIAL_FIRE
EVT-IND-013,110.876,125.448,0.921,457.79,1,218.68418376862377,4,0.7459838046284528,319.49777989694087,544,0.46416963690545676,8730.37157723425,2203.5961169768575,86091.58555696042,76576.39439401538,0.058,0.092,0.315,8,18.11,4,INDUSTRIAL_FIRE
EVT-IND-014,82.493,137.956,0.95,509.85,2,1309.0601729141395,5,0.8197428015020506,884.4649939908486,276,0.7048926210883739,1358.2203849843474,5048.108085830255,7036.57486460357,50917.109466718335,0.041,0.031,0.812,11,13.52,6,INDUSTRIAL_FIRE
EVT-IND-015,163.21,263.006,0.967,1345.5,5,627.2571215823743,5,0.5944632761206973,889.7139668230138,112,0.3694150779758203,13884.289763814279,7014.6275624347,36646.371039879195,60318.80267369743,0.025,0.093,0.647,6,8.61,2,INDUSTRIAL_FIRE
EVT-IND-016,170.206,209.477,0.806,1255.11,5,89.90677430197061,2,0.7573904778854471,1178.4481363304235,576,0.307910999945707,7351.2091294885895,5939.413232818799,93969.16613257333,58457.621080479315,0.048,0.105,0.368,3,23.72,1,INDUSTRIAL_FIRE
EVT-IND-017,47.304,50.164,0.828,241.14,3,878.6064518496692,6,0.6925746688572975,790.5951556578759,182,0.5572380222135327,422.01999021692336,9932.873897912858,89927.59486845737,16604.161632865245,0.01,0.061,0.667,9,15.98,3,INDUSTRIAL_FIRE
EVT-IND-018,139.543,160.236,0.806,1394.97,1,1019.5632511933364,3,0.839063240007119,436.2260000817323,91,0.7115958442843312,10932.219752874551,9246.905153820118,13450.871757721967,91853.14897834796,0.039,0.08,0.823,5,22.05,1,INDUSTRIAL_FIRE
EVT-IND-019,123.266,139.22,0.809,657.72,3,452.8744840660414,2,0.7885865618383379,568.9649801164094,51,0.8308528201926891,12142.946933758098,3873.9528245903125,95431.24132176526,31219.030299591508,0.048,0.112,0.733,6,56.93,3,INDUSTRIAL_FIRE
EVT-IND-020,153.561,253.01,0.829,819.62,4,951.3499761555005,7,0.9524987351210542,263.61957002138683,175,0.2814374335746303,6582.946194045266,11909.26921226446,89492.69482672666,75614.97788732407,0.048,0.05,0.475,8,31.81,3,INDUSTRIAL_FIRE
EVT-IND-021,63.415,77.842,0.937,1234.02,3,1608.8868590374184,2,0.7731090949661731,487.57499670957367,539,0.7904087024776916,9958.75282119964,4546.52697359715,12163.266801966982,75438.59230085553,0.005,0.071,0.338,3,23.72,1,INDUSTRIAL_FIRE
EVT-IND-022,50.657,64.008,0.812,217.46,3,509.3059028650132,1,0.6536173472524445,201.68173996899932,563,0.8317788704874343,2383.9363177049613,2233.2928670770953,61140.13077752182,87832.51796123406,0.014,0.006,0.605,2,49.65,0,INDUSTRIAL_FIRE
EVT-IND-023,160.626,271.192,0.789,313.17,3,393.7606650005032,2,0.8842840804437063,1458.3031105702316,206,0.6005188303416396,2244.0727880136365,265.84182372759835,25276.63490988896,15786.75512529254,0.02,0.069,0.5,4,28.15,1,INDUSTRIAL_FIRE
EVT-IND-024,154.186,167.904,0.974,193.71,5,1235.9026788225005,7,0.7677218705968722,1047.508404751472,99,0.6567816264546316,3076.6572097348585,9669.081861568926,72394.49157273276,74681.44837980755,0.078,0.096,0.718,10,46.97,4,INDUSTRIAL_FIRE
EVT-IND-025,104.705,177.284,0.877,608.38,3,279.35106522529816,4,0.9488518969327983,608.4157268609122,100,0.46066408424665783,7379.902275737846,7988.0841318866305,95695.45593355608,30785.284007559338,0.021,0.017,0.537,3,18.28,1,INDUSTRIAL_FIRE
EVT-IND-026,75.762,101.112,0.924,480.47,4,1668.4147512960474,4,0.7887351582005346,958.283165288006,44,0.3241281826255273,2191.0599962522983,5087.460399864016,96724.49547788863,60816.127663734165,0.038,0.039,0.571,11,61.4,4,INDUSTRIAL_FIRE
EVT-IND-027,123.102,155.862,0.934,343.49,3,1682.7906378003697,6,0.7509740886687754,1181.4499048932373,488,0.2624857487838914,1726.2455518094507,9970.200517104562,80291.25756754068,25566.151970744068,0.069,0.016,0.619,8,52.8,2,INDUSTRIAL_FIRE
EVT-IND-028,46.298,81.909,0.948,910.84,3,978.8467835483436,6,0.9231277501236848,912.5985928613139,375,0.5388000984915762,5675.3422467670225,5167.996827844768,66237.30948125749,87146.59127997552,0.076,0.03,0.604,9,8.65,5,INDUSTRIAL_FIRE
EVT-IND-029,97.228,140.2,0.94,1208.9,3,844.3195436335245,4,0.65176481608896,1124.1011347603007,171,0.8215981343967372,1668.643389826462,892.0503977666201,60660.06538437583,17178.804686691736,0.048,0.112,0.322,9,8.14,4,INDUSTRIAL_FIRE
EVT-IND-030,145.02,225.277,0.85,1352.63,5,1493.1623332985973,3,0.6118649311775913,1383.0362992814264,206,0.3658722059146947,4342.32922683524,1927.9994027854978,14202.536175539431,5051.357584634683,0.029,0.038,0.345,9,12.34,3,INDUSTRIAL_FIRE
EVT-IND-031,138.101,202.283,0.977,1181.44,2,146.9419660374552,2,0.5729542310296855,894.8928478442374,129,0.7265001687596544,5965.093806797221,3884.094053729388,51939.04499115632,87875.47939675703,0.03,0.118,0.681,10,10.29,6,INDUSTRIAL_FIRE
EVT-IND-032,43.898,65.46,0.924,67.84,1,1539.4803469388605,4,0.6280443161265054,370.3824092345061,54,0.42457130308254826,8611.366510967313,5053.522865867988,7777.649632976617,39240.57143057844,0.024,0.055,0.515,6,23.13,3,INDUSTRIAL_FIRE
EVT-IND-033,179.54,306.906,0.84,1263.5,1,966.5676602558651,7,0.9083871781290807,96.9035623683543,87,0.8973893083126434,1576.785809540145,10138.541924013258,90557.35496097886,98018.35601689949,0.08,0.08,0.64,8,64.79,3,INDUSTRIAL_FIRE
EVT-IND-034,47.168,77.006,0.822,1370.43,2,1453.5452904787887,5,0.8262678086780855,1172.914604775631,474,0.34418654588920294,8087.413735619796,6219.252155265932,86184.49797988808,47891.538462571036,0.0,0.006,0.614,8,58.1,3,INDUSTRIAL_FIRE
EVT-IND-035,149.149,260.392,0.942,1062.28,1,723.9066181756186,5,0.6645792265253638,226.85724821185616,394,0.5845140918166221,6311.651592063787,2867.582292293597,38648.64558116742,38540.067633146,0.003,0.024,0.325,8,54.16,4,INDUSTRIAL_FIRE
EVT-IND-036,49.058,78.54,0.821,442.6,1,623.1172377219546,4,0.8448696385460566,459.3771823655022,246,0.9142005487007383,13753.58549111885,5822.834096770935,34851.036885454814,54937.1746135103,0.049,0.007,0.62,9,4.96,4,INDUSTRIAL_FIRE
EVT-IND-037,39.217,46.576,0.986,714.91,1,1534.980855353843,4,0.8958884860172434,808.4289685772954,401,0.6930423404873345,4393.51865131868,8845.22863149246,22633.24553319468,70395.41849539433,0.051,0.069,0.337,4,23.09,2,INDUSTRIAL_FIRE
EVT-IND-038,125.631,220.539,0.811,787.11,4,1556.2583695703147,7,0.8141832884330256,160.7417073803032,105,0.7580009397899988,1358.9489604704515,11237.68389013745,16328.56921366681,96011.3838531808,0.01,0.016,0.417,6,23.33,2,INDUSTRIAL_FIRE
EVT-IND-039,88.831,120.507,0.826,903.04,4,1451.5473081489192,3,0.8865283649907052,1196.7699616949672,368,0.9122189439721312,3875.411972203889,7121.903154763879,12219.772163746919,62768.072902339765,0.003,0.05,0.534,3,42.07,1,INDUSTRIAL_FIRE
EVT-IND-040,125.432,193.081,0.846,1191.78,2,349.7597821623804,1,0.7961451210345554,709.6580264122165,352,0.6158422428591859,11482.45851109816,9611.012126493593,50738.861910816624,61160.56382769339,0.05,0.043,0.558,7,53.57,2,INDUSTRIAL_FIRE
EVT-IND-041,105.643,174.3,0.846,1264.2,3,1679.6634124576783,6,0.6003545333370476,149.80933762793725,98,0.7105042995283695,6337.263681776654,9314.424852087936,68109.44709093348,35362.86255783911,0.009,0.009,0.755,10,21.64,6,INDUSTRIAL_FIRE
EVT-IND-042,73.653,118.363,0.783,1249.4,4,1622.1414578826875,6,0.6663300245913756,559.0041863026399,464,0.470107986142984,2448.4135645124948,1858.6221332520806,93804.36394744717,45476.69160827906,0.012,0.072,0.322,10,27.54,3,INDUSTRIAL_FIRE
EVT-IND-043,73.199,114.611,0.928,612.37,4,720.8096898604672,1,0.787787018058747,1405.487180520924,445,0.7962110457365745,7242.606505455651,4578.677734421832,98703.25985765924,72622.74289235342,0.001,0.025,0.565,6,13.61,3,INDUSTRIAL_FIRE
EVT-IND-044,111.175,186.697,0.988,255.31,3,1714.590655006722,3,0.9157294820520365,962.8693483069871,97,0.3353451748345788,8865.044199541388,8264.54674475484,4193.360531194476,47068.84229864942,0.006,0.091,0.51,6,34.85,2,INDUSTRIAL_FIRE
EVT-IND-045,31.921,39.091,0.841,760.79,5,1494.449144593562,4,0.747175675173377,674.624908060482,198,0.46134917400974407,13784.784243181757,9397.39902163504,13727.075866622718,99712.36181024459,0.039,0.01,0.396,10,46.63,4,INDUSTRIAL_FIRE
EVT-IND-046,143.25,156.655,0.857,832.31,5,1588.6000425385541,5,0.9098655292542035,177.50090716964664,191,0.949373311331967,10018.7025679874,7836.487685149684,11772.750517460876,90012.23969297265,0.039,0.092,0.761,5,37.34,1,INDUSTRIAL_FIRE
EVT-IND-047,77.792,110.784,0.892,202.22,5,100.74913060782148,2,0.6114994063216531,1169.6165522244835,167,0.3887429590490285,13668.50958425019,7909.601567997132,6507.782917985533,3526.693910483945,0.073,0.076,0.357,2,15.41,1,INDUSTRIAL_FIRE
EVT-IND-048,94.472,120.986,0.906,60.61,3,140.40135477519812,6,0.8946371786695486,373.05817452853495,375,0.844586190046151,952.7559082835797,9631.469858335948,92996.1567267112,77894.51471312491,0.051,0.118,0.622,4,35.43,2,INDUSTRIAL_FIRE
EVT-IND-049,174.298,285.239,0.962,215.45,4,1271.711371962615,6,0.5672650588052386,318.63752386420197,507,0.33744657551395013,7617.511753875499,8967.73872711325,64111.148923910674,85559.7166769077,0.035,0.066,0.642,6,70.92,2,INDUSTRIAL_FIRE
EVT-IND-050,141.247,185.016,0.806,109.37,3,321.62273677190905,6,0.6330078410736288,420.7229519503444,448,0.7469332880969126,14705.051294990359,7377.368911127128,8286.530554155674,62781.970082970685,0.079,0.056,0.837,9,30.81,5,INDUSTRIAL_FIRE
EVT-IND-051,149.319,260.342,0.953,103.61,3,124.11346526529242,2,0.855118662593267,276.2292127053048,533,0.3142047040769386,2834.645110316753,11762.323436694891,47480.382318473516,79055.85198911658,0.004,0.013,0.655,9,56.16,4,INDUSTRIAL_FIRE
EVT-IND-052,149.135,162.069,0.829,951.75,2,1163.7145986886096,7,0.6124060095059713,1420.1161912659807,356,0.46093984276030253,8712.456515532378,8427.333740609887,65975.61605879496,94237.65774046529,0.041,0.081,0.268,10,30.09,3,INDUSTRIAL_FIRE
EVT-IND-053,157.181,206.068,0.959,483.47,2,309.7682323601015,4,0.7237347880185294,721.7697196342748,319,0.33345226833842123,2098.0096871042033,3409.098994796963,32556.346564800635,44506.611727090945,0.032,0.033,0.782,10,7.94,3,INDUSTRIAL_FIRE
EVT-IND-054,150.152,270.132,0.842,641.52,3,1119.2282073140996,3,0.7270786855317952,624.9990019544717,391,0.40233996868787336,8865.763101294222,3872.786844675131,6497.8039249042795,43584.80428321546,0.08,0.084,0.607,3,29.47,1,INDUSTRIAL_FIRE
EVT-IND-055,81.634,89.828,0.822,75.62,1,879.7321814077981,2,0.7961569112425098,857.342412639243,158,0.74140152677726,9754.43238479803,7863.9533726002755,33672.77272693218,79380.92553263753,0.051,0.041,0.502,10,54.64,3,INDUSTRIAL_FIRE
EVT-IND-056,164.035,201.159,0.848,1368.14,2,1011.002671299439,2,0.8191853668046545,553.7728549863763,275,0.6089174712247307,11076.914758385083,10648.194352012122,92342.5481376336,51852.39374276062,0.047,0.078,0.43,7,18.9,2,INDUSTRIAL_FIRE
EVT-IND-057,68.903,101.365,0.946,1186.54,5,960.4814507959959,2,0.6852137974500065,1259.3258962707016,485,0.5958991525621964,1826.265192595499,957.50385016803,84673.34147082792,8390.087939967158,0.038,0.119,0.655,4,65.18,1,INDUSTRIAL_FIRE
EVT-IND-058,112.136,126.313,0.917,1435.26,4,541.0700132338978,4,0.6243876114323854,484.56218730694405,220,0.7698847967075599,318.7743690450544,9943.363751796169,86085.15828673214,39109.37259958017,0.003,0.115,0.312,7,4.88,2,INDUSTRIAL_FIRE
EVT-IND-059,104.994,134.857,0.791,211.82,3,318.8225733561109,2,0.6014591990219046,560.0806543958137,372,0.9209004266306806,14932.420641496194,9288.04820711957,33163.26646231432,69703.50976911097,0.005,0.084,0.374,11,29.59,4,INDUSTRIAL_FIRE
EVT-IND-060,42.371,71.907,0.78,786.84,2,1284.461139597022,6,0.8255821128720486,35.87691456400084,251,0.396340361021569,7923.815714212192,2048.640520673721,19092.96618402376,84121.51618337308,0.035,0.094,0.755,6,20.22,2,INDUSTRIAL_FIRE
EVT-IND-061,130.905,159.86,0.849,1399.06,3,1780.9827546963097,7,0.9107999842791368,1485.6760632028834,346,0.34911712199814227,6778.859637489832,4771.615318518847,10764.780513679947,76267.02676109021,0.037,0.085,0.34,8,11.67,3,INDUSTRIAL_FIRE
EVT-IND-062,54.19,58.171,0.803,949.22,3,809.1132978145378,4,0.6147893787396933,287.7714453016848,297,0.8849725355093504,765.2714257167554,2870.942190830104,31329.75504050925,50549.16161295388,0.047,0.102,0.253,4,61.74,1,INDUSTRIAL_FIRE
EVT-IND-063,157.601,195.535,0.973,708.96,4,1076.279052775893,6,0.5861695938594593,380.62783200245605,311,0.8405118693337787,9600.07163712904,7824.873696597865,68009.71576908143,77001.59284683432,0.079,0.043,0.738,3,57.94,1,INDUSTRIAL_FIRE
EVT-IND-064,89.174,114.876,0.796,93.26,4,151.68984301253283,6,0.7819967971625219,520.9155952800425,238,0.8411352113010305,7290.33037795068,9246.668314566612,85645.5051374734,51964.77384163931,0.013,0.087,0.675,5,53.7,2,INDUSTRIAL_FIRE
EVT-IND-065,44.534,51.561,0.926,300.77,3,1641.7164267748624,3,0.9156179484985003,524.074377475456,364,0.5991718709720396,8018.024510968207,1349.25861916324,41659.59315004944,91981.75423751258,0.079,0.0,0.26,7,42.92,4,INDUSTRIAL_FIRE
EVT-IND-066,161.459,234.463,0.911,446.12,4,1153.9564206382993,3,0.6957079233121302,303.57245430079575,131,0.2673761922590008,13919.160831709998,5433.66720625677,32830.902024816256,61052.28758110045,0.024,0.08,0.752,2,3.27,0,INDUSTRIAL_FIRE
EVT-IND-067,64.318,96.997,0.896,624.44,5,62.80029851277736,3,0.8523043902505238,957.9792641425092,188,0.9372641632797748,9343.329873904857,5782.31989617002,76858.95862884875,90622.80358051315,0.058,0.068,0.705,9,31.35,4,INDUSTRIAL_FIRE
EVT-IND-068,148.384,213.699,0.866,186.4,4,1311.2179067571153,2,0.8862622234174162,1302.866128627651,579,0.32987284982854603,11012.961194607436,5337.055524375686,56651.068833893696,66447.9337197886,0.055,0.018,0.827,10,14.49,3,INDUSTRIAL_FIRE
EVT-IND-069,138.692,236.993,0.86,799.68,3,1747.1764542347464,1,0.6739381455597993,1105.955176208116,591,0.774988476554688,5262.743633564427,1574.0503208842301,6971.855147714817,78402.28337033032,0.058,0.094,0.592,6,65.28,2,INDUSTRIAL_FIRE
EVT-IND-070,40.479,48.708,0.936,83.55,2,906.9745481795853,7,0.7499385861632708,1467.3171290292835,591,0.5381032015358419,11925.864043343592,1109.3493405108015,56879.785883363096,80799.79933761524,0.058,0.107,0.487,11,24.34,3,INDUSTRIAL_FIRE
EVT-IND-071,118.275,207.163,0.878,335.28,3,1668.2279176348052,4,0.565897412696505,571.5994651339666,498,0.28408893061969587,1728.3061376069143,8136.136981143061,72186.04504223472,78050.90622690775,0.032,0.016,0.348,5,25.76,2,INDUSTRIAL_FIRE
EVT-IND-072,40.333,65.143,0.965,453.26,3,1564.54895909741,6,0.8943747846058518,92.46629053845328,451,0.414174605308909,9366.276823291162,10311.691125035395,3436.5121191469348,52919.04618528593,0.042,0.056,0.406,4,5.16,1,INDUSTRIAL_FIRE
EVT-IND-073,101.804,115.345,0.833,477.42,4,1235.252948887695,4,0.7225828897479568,1345.5396244478713,46,0.720128966199101,3641.1096140729,10248.09544261976,36759.048070722885,85774.43310097377,0.07,0.108,0.841,8,68.71,2,INDUSTRIAL_FIRE
EVT-IND-074,72.192,105.738,0.8,1276.41,4,573.1513894580846,5,0.7206842291315687,426.7410751174992,366,0.8705902935203084,2895.145860898421,1109.2579357055808,36166.91303892906,72610.99732123205,0.013,0.03,0.346,8,61.64,5,INDUSTRIAL_FIRE
EVT-IND-075,82.544,111.735,0.94,1169.91,2,1463.005310458493,4,0.677435684514801,623.7540876742976,599,0.3457748946207384,8665.591751383201,11971.202443428714,70985.45798170388,60735.64552009706,0.075,0.014,0.788,9,20.52,3,INDUSTRIAL_FIRE
EVT-IND-076,89.103,123.621,0.832,1079.86,1,736.6459126131396,4,0.7636741363360503,218.86303170333102,551,0.5057649242393933,1100.7833658317268,2503.5505484965006,4713.871756991484,46968.15190051585,0.027,0.064,0.399,10,19.14,4,INDUSTRIAL_FIRE
EVT-IND-077,145.491,209.251,0.883,818.13,5,1160.445463665645,7,0.7307641617472692,1439.6297238099723,225,0.7763741851024408,8158.763890479773,3486.0364138307204,90008.68948098054,25804.42033742397,0.035,0.016,0.325,3,35.74,1,INDUSTRIAL_FIRE
EVT-IND-078,110.935,133.764,0.833,93.58,2,619.3497784041848,7,0.7777030837725811,1118.6305651386056,548,0.6635213559146362,9836.244214241478,3662.6611690264244,26413.0899777863,34281.75767536053,0.026,0.073,0.529,3,30.03,1,INDUSTRIAL_FIRE
EVT-IND-079,151.838,243.883,0.878,271.67,5,322.0227371459893,3,0.671796181297549,851.0043037332892,528,0.8043820975989618,11778.979229698132,5316.7964771518955,49196.95893291239,99486.0696466974,0.027,0.006,0.455,2,45.59,1,INDUSTRIAL_FIRE
EVT-IND-080,57.853,100.828,0.872,976.57,4,1230.545584713292,2,0.9380982067642697,1185.632957619422,494,0.3796255414674973,8476.343932689826,1312.540472043084,66333.44627670784,95668.89453421766,0.022,0.007,0.525,2,11.03,1,INDUSTRIAL_FIRE
EVT-IND-081,167.887,216.468,0.932,718.59,2,947.2811125251948,7,0.5654123831098102,1440.4662930472462,276,0.32210187889111114,712.0784902422193,3028.1926769087677,9356.452090083094,47146.43071394095,0.048,0.057,0.82,7,14.41,4,INDUSTRIAL_FIRE
EVT-IND-082,31.239,43.336,0.967,1136.95,2,953.1536521999467,6,0.5719130075072011,185.16854500885552,208,0.5191530645929496,1001.8739173153883,8408.45773475797,23080.99252790676,32300.942172012936,0.053,0.036,0.819,11,27.64,6,INDUSTRIAL_FIRE
EVT-IND-083,136.566,195.522,0.97,657.99,3,739.7201100616707,2,0.5507141043001643,185.86414907807236,267,0.8539351946186146,118.3726314274312,6147.191534173214,50481.694631199185,35310.13361803187,0.027,0.049,0.514,4,8.42,1,INDUSTRIAL_FIRE
EVT-IND-084,127.751,136.032,0.849,336.82,1,804.8222852562868,4,0.9117175936724313,405.31584425457004,474,0.4757433086774109,3712.9945101221574,5810.374466557675,69276.06069290485,25140.528919951794,0.02,0.08,0.328,9,21.26,4,INDUSTRIAL_FIRE
EVT-IND-085,166.101,199.635,0.894,1067.02,4,628.7875485960167,2,0.5708847946341921,701.939015754558,560,0.7480906291177445,2341.7647722063634,663.750838065234,16405.921048937482,92125.84977247624,0.049,0.031,0.625,2,70.33,1,INDUSTRIAL_FIRE
EVT-IND-086,28.6,38.612,0.964,934.83,2,66.20461818696597,7,0.5634519105477072,183.73161199206083,137,0.6841045006398074,3700.419740212378,6873.623400125054,60248.95212831424,85395.22730970857,0.068,0.039,0.577,6,36.29,2,INDUSTRIAL_FIRE
EVT-IND-087,166.464,290.131,0.957,1468.4,2,58.29743759577936,2,0.8162212071635988,260.8603594353373,516,0.7910561716946988,12846.823972679727,3125.735456674472,92122.98704756005,47082.37073896981,0.061,0.092,0.538,8,18.82,3,INDUSTRIAL_FIRE
EVT-IND-088,64.96,96.756,0.866,367.34,4,1105.9927950833126,7,0.7054605138148557,1223.475831813767,591,0.47287938247992173,12008.281481398217,7248.733634465446,23986.50243686394,43160.531097555926,0.013,0.001,0.452,10,57.83,4,INDUSTRIAL_FIRE
EVT-IND-089,42.934,57.641,0.99,329.26,4,605.862360136233,6,0.5628289511428699,532.7884100026278,74,0.2633239034722406,2565.767587968448,8729.681518125339,71684.84986130803,74642.29748636612,0.034,0.074,0.81,4,6.87,1,INDUSTRIAL_FIRE
EVT-IND-090,66.948,114.725,0.919,212.17,4,605.0180494774628,1,0.8053471356522325,206.51898578500726,537,0.3506030630188739,10427.121861252552,2158.0328436607288,52207.3920534582,99202.12416508494,0.034,0.066,0.55,10,50.03,4,INDUSTRIAL_FIRE
EVT-IND-091,105.051,117.804,0.933,1466.16,5,57.013308283344124,7,0.9770263702301178,885.2654745185649,39,0.33883698286295916,13469.802776335995,10576.525571519536,55011.440071803394,63313.82689649338,0.037,0.051,0.281,5,26.73,1,INDUSTRIAL_FIRE
EVT-IND-092,152.291,207.496,0.848,1135.79,4,528.0775851265336,6,0.8056640718230716,456.23768594008925,58,0.7145347326622463,12560.053134954758,316.1104725809323,60784.236144515555,25434.212349624668,0.071,0.017,0.777,10,8.73,6,INDUSTRIAL_FIRE
EVT-IND-093,33.185,34.857,0.872,1173.2,1,1579.3048713316525,6,0.8126311572912299,839.240443332625,174,0.5273165500414743,10196.549377636931,8736.658653113664,57992.96614598052,76566.95700692115,0.052,0.099,0.351,2,62.26,0,INDUSTRIAL_FIRE
EVT-IND-094,151.976,170.147,0.863,1119.81,3,1770.9798829876408,2,0.7712707123107783,38.45541935299559,268,0.8072199894172648,7851.4279989853085,4954.741021290726,12124.980419671392,89296.67290251353,0.04,0.09,0.529,4,27.75,1,INDUSTRIAL_FIRE
EVT-IND-095,43.431,48.403,0.817,304.25,4,741.2626700709737,2,0.6142308872383049,1443.0934517207281,419,0.37490923327528164,3073.1756942024067,10321.896040636793,91520.52618176733,23578.298529760235,0.032,0.119,0.332,11,33.41,3,INDUSTRIAL_FIRE
EVT-IND-096,176.217,300.388,0.82,370.16,3,872.1515543059488,7,0.9276972655386446,580.9979886552117,448,0.6119136407946004,11151.574516744051,8800.518122168265,78947.13261253023,58283.58040822806,0.059,0.068,0.581,8,60.0,3,INDUSTRIAL_FIRE
EVT-IND-097,118.242,167.27,0.835,657.05,1,233.07641940835663,6,0.9221961919080421,1201.184205011133,545,0.31990373401251065,3145.520769513295,8948.844344781059,5244.589174448804,97984.78946960613,0.066,0.067,0.481,9,38.53,3,INDUSTRIAL_FIRE
EVT-IND-098,129.881,142.812,0.78,357.8,3,710.0031906224413,6,0.9316555680498586,604.0522344621218,440,0.4733927420197662,9170.242820583877,7013.773547601803,42686.577829605325,61372.15131916772,0.014,0.107,0.532,10,35.33,4,INDUSTRIAL_FIRE
EVT-IND-099,115.795,138.561,0.923,360.43,2,1686.9173967413658,4,0.6345991377227715,578.2648546668457,296,0.525874887815183,2053.5195260906758,2038.1708565992033,69402.5211191867,35929.342158263564,0.017,0.051,0.356,2,62.22,0,INDUSTRIAL_FIRE
EVT-IND-100,33.567,44.242,0.836,935.2,3,1721.0721857476633,6,0.5925375371950736,1135.1867532403817,168,0.866725236342509,4243.889017385169,2504.8484095811878,21019.315082495457,53635.1932325517,0.074,0.012,0.314,4,10.07,1,INDUSTRIAL_FIRE
EVT-WIL-001,123.141,225.202,0.847,99694.3,0,60462.66381963835,0,0.0045173116989426386,9889.081136362474,20,0.1726798225744095,99615.28410913616,76848.45071114966,15950.972661465086,32535.045994301712,0.723,0.065,0.19,8,69.65,2,WILDFIRE
EVT-WIL-002,84.796,128.804,0.972,43027.38,0,41014.682352348784,0,0.08767107972646193,18082.01614454555,61,0.17722234948513574,147443.16905015722,143184.8742513573,11403.190438837473,19121.843703553208,0.801,0.026,0.064,9,23.99,4,WILDFIRE
EVT-WIL-003,63.801,91.761,0.821,66249.72,0,42100.25096531568,0,0.009697788870547931,16993.040677141777,44,0.11101611223391562,83642.83833381972,28970.141888257218,32630.89050482309,21756.506922924193,0.951,0.078,0.066,6,54.67,3,WILDFIRE
EVT-WIL-004,93.16,126.202,0.797,42830.54,0,103416.51367301744,0,0.07351294275196334,6272.640826745502,46,0.06682547467588988,63703.9698418474,115202.17090288506,93365.29955792446,27197.18271914171,0.621,0.145,0.078,6,26.53,2,WILDFIRE
EVT-WIL-005,134.018,258.807,0.867,69543.18,0,113452.35195466709,0,0.08961220824236305,2457.715090171281,9,0.04761716600723599,127739.38772985376,31026.35049018268,51387.44796326647,55633.53809346277,0.957,0.078,0.185,3,69.9,1,WILDFIRE
EVT-WIL-006,94.4,101.5,0.908,86397.37,0,35469.00497859948,1,0.0851334649402204,17554.21522718365,56,0.06107798623258097,81973.30717173309,41018.92856051947,31641.190681367014,21866.725353675123,0.75,0.001,0.157,7,40.36,3,WILDFIRE
EVT-WIL-007,50.551,60.791,0.917,53686.32,0,113282.12921044165,0,0.07773587133276923,10594.399665110715,71,0.08830942479213694,81813.12159646221,82802.36196867794,53843.88090962977,18415.315448371894,0.965,0.193,0.171,6,23.33,3,WILDFIRE
EVT-WIL-008,25.166,45.812,0.835,59924.13,0,22074.351521276032,0,0.04820307595863506,19087.507735651183,76,0.029443837987819795,85390.40004579036,35119.00173597319,32622.59891681238,6516.385715057918,0.811,0.085,0.074,4,50.7,1,WILDFIRE
EVT-WIL-009,52.66,70.49,0.945,10205.27,0,21322.770802903666,0,0.03215329914823317,12358.519632334535,73,0.08370254375806914,63065.43056056536,82123.48324517987,24906.956519994957,118666.65612679045,0.749,0.138,0.033,8,80.53,4,WILDFIRE
EVT-WIL-010,79.259,122.546,0.76,20845.38,0,99650.48129483266,1,0.04687592970139525,3481.1038814635513,59,0.1657198544892422,54501.12477035051,12265.470006055397,43061.23018684355,95951.47256801846,0.698,0.019,0.189,1,49.19,0,WILDFIRE
EVT-WIL-011,107.75,202.338,0.878,47470.4,0,77743.37943867932,0,0.07936353838623775,4633.114916070581,60,0.16628099689677242,68508.49242345402,97656.97914330386,3270.1263926488145,119224.11431410784,0.565,0.107,0.199,1,115.09,0,WILDFIRE
EVT-WIL-012,145.448,158.955,0.962,85047.77,0,39460.39522798537,1,0.0458262041536514,3016.086115049814,4,0.027418807828363628,96681.00788938047,61974.47177768382,110856.73666813443,40341.3098691442,0.576,0.167,0.031,3,64.65,1,WILDFIRE
EVT-WIL-013,76.752,85.192,0.971,36580.19,0,89332.17437899692,1,0.06599513011292789,12194.059455961813,36,0.08510111509661968,142758.8587205434,54693.4781994686,23736.55364616489,82337.00512293991,0.673,0.193,0.019,4,104.21,1,WILDFIRE
EVT-WIL-014,136.323,265.314,0.736,81212.55,0,102752.84686648578,1,0.04496326884226806,17903.50994890286,3,0.13493135140611615,148812.11889215608,82055.00268160035,80219.4990997347,38390.19289313759,0.784,0.18,0.194,9,84.88,5,WILDFIRE
EVT-WIL-015,64.24,91.345,0.725,15124.12,0,114123.98716259115,1,0.07385107126866286,8361.233980322097,29,0.10112740741133987,109368.4675781242,78795.45200394637,109129.10024841249,52058.215587553794,0.742,0.186,0.122,4,5.19,2,WILDFIRE
EVT-WIL-016,42.806,65.919,0.962,97901.73,0,80472.04139205242,0,0.04081566682310131,9080.977110554271,27,0.022645263296211342,18299.93346355597,101786.0388562799,79695.57538613712,80560.43656258115,0.571,0.031,0.013,9,24.22,3,WILDFIRE
EVT-WIL-017,103.898,129.018,0.924,64836.58,0,10213.841878381467,1,0.019780984725919694,15673.952739608241,26,0.15491347225130342,40768.65469779136,101838.12803295802,18135.448004618112,35192.845495400456,0.958,0.07,0.018,5,27.89,2,WILDFIRE
EVT-WIL-018,125.616,196.395,0.751,37507.54,0,23529.303578142986,0,0.0674736547349278,18251.374748612423,22,0.03645403342635347,83601.46006785428,106701.70968029769,114491.9288128112,74377.07649779934,0.839,0.087,0.046,4,86.91,1,WILDFIRE
EVT-WIL-019,26.097,39.739,0.845,54753.75,0,36571.97627506664,0,0.032049116167801615,19534.503618488303,50,0.07194170432945464,104387.01951034706,8367.999440279978,49807.189197766376,105387.59075873386,0.978,0.097,0.096,2,51.19,0,WILDFIRE
EVT-WIL-020,105.641,116.025,0.975,51148.47,0,76345.47377652353,0,0.0935937499435726,17152.69533487097,35,0.05799882128812888,83959.51829599425,76024.51713340709,76967.69251343889,42091.01823417441,0.754,0.012,0.164,3,78.13,1,WILDFIRE
EVT-WIL-021,138.434,228.349,0.797,68952.72,0,35350.96008577949,0,0.09238744994985064,16944.79627235859,73,0.17607679753762104,113023.77123805483,115876.74814148995,92223.04075962896,59231.09282024986,0.963,0.074,0.085,6,97.64,3,WILDFIRE
EVT-WIL-022,42.324,74.404,0.737,26269.7,0,59122.645785598426,1,0.06448191943592906,6141.742653995523,19,0.04640551374642379,89964.39924392794,64447.44629263126,28606.22322897197,98478.55396008125,0.871,0.179,0.055,5,14.18,1,WILDFIRE
EVT-WIL-023,53.699,83.391,0.947,77970.23,0,104383.83096097011,1,0.0007507032799999869,7054.534386322787,13,0.14355195042253546,126680.21060397704,25057.715166827136,93597.30043841699,16537.387575203247,0.625,0.072,0.096,2,18.54,1,WILDFIRE
EVT-WIL-024,92.536,159.141,0.72,52263.33,0,51687.010097531274,0,0.01925908232309098,3502.2898602637156,79,0.07610405985842282,94851.9362656299,140270.61344992172,117756.074027365,11147.954481193172,0.872,0.163,0.09,2,98.65,0,WILDFIRE
EVT-WIL-025,80.123,113.971,0.767,77163.83,0,23455.721942965396,1,0.027063215227086046,17754.556660374034,63,0.11942158630123562,21217.49634519819,125716.74631398103,23633.696460944873,52548.96117751949,0.667,0.026,0.088,2,37.05,0,WILDFIRE
EVT-WIL-026,149.501,227.695,0.88,87779.85,0,69844.71199864495,0,0.06861629156151504,13227.391329950477,40,0.17856756099504986,149916.17683750723,79886.61338216794,14138.293174421087,88157.66597934005,0.814,0.178,0.182,7,95.18,2,WILDFIRE
EVT-WIL-027,81.58,123.969,0.814,60271.4,0,117386.37676025799,0,0.04612088858375738,8783.150033901391,25,0.009255447820247285,102478.3425273995,56233.96578492783,95133.27333188576,100358.04880799237,0.91,0.022,0.045,1,95.37,0,WILDFIRE
EVT-WIL-028,143.485,193.508,0.812,32663.83,0,99977.84809895868,1,0.032154568224089956,15102.00520350757,33,0.14425009809169012,76232.3297267481,134489.49783276394,19837.317441191317,105851.04722009833,0.954,0.069,0.111,8,36.26,4,WILDFIRE
EVT-WIL-029,152.394,218.34,0.934,70682.31,0,18762.666092850704,0,0.05338400132739604,1816.610363654593,12,0.009505278252019864,5075.2179040273,68265.91565566816,93630.99411119088,7076.086982750133,0.625,0.162,0.053,1,109.68,0,WILDFIRE
EVT-WIL-030,45.288,59.436,0.97,32342.98,0,81052.8519241758,1,0.016800084857787112,3363.842829017383,65,0.1549441752516965,124353.06844276373,83146.5561083071,98846.38587739569,13852.461058665887,0.736,0.051,0.155,8,92.85,3,WILDFIRE
EVT-WIL-031,10.646,16.955,0.978,11555.28,0,52181.930009140495,1,0.02574519593239634,15170.41383145428,59,0.09075214879034649,113788.5682524938,72378.54748931278,46044.80780595266,28645.138327999983,0.773,0.162,0.018,2,48.03,1,WILDFIRE
EVT-WIL-032,39.324,56.609,0.834,87286.93,0,31338.486240721682,1,0.011891034803396051,2176.65582716343,60,0.031732445703983425,30425.244160818675,124350.60530700047,49625.27494648285,118875.44951117644,0.847,0.197,0.082,2,49.0,0,WILDFIRE
EVT-WIL-033,123.186,140.789,0.831,26451.75,0,23367.660872548586,1,0.044872950720125065,8161.9044455929425,52,0.1575151558297348,146461.36864511794,131564.54902225593,25499.179447110564,28833.356781445284,0.749,0.058,0.159,7,109.0,3,WILDFIRE
EVT-WIL-034,48.209,56.804,0.964,44988.4,0,81480.2744586471,1,0.073472513078058,11545.20269078807,23,0.09916357832827252,125139.30410162394,108027.25190268828,6109.598504683128,8786.719046083836,0.914,0.08,0.007,3,20.27,1,WILDFIRE
EVT-WIL-035,147.609,274.324,0.938,28944.83,0,75374.54667507375,0,0.02601846553429914,8663.793702638632,38,0.1364238573719149,124858.66527539985,86377.34484405641,48088.22926028105,34671.52109492752,0.923,0.061,0.124,2,91.44,0,WILDFIRE
EVT-WIL-036,119.256,175.207,0.945,56526.1,0,66454.86872615639,0,0.056409513704722296,13694.721458937935,25,0.01189425796549107,5154.782428298349,35780.185131907725,107657.84523309738,78616.01929774143,0.903,0.15,0.058,9,15.02,3,WILDFIRE
EVT-WIL-037,97.397,138.824,0.92,92010.15,0,27259.55941694656,1,0.046995594028734,9783.789255233884,71,0.1683975498916779,13625.570366584303,36200.849821164185,71535.24504310252,25871.92162109448,0.867,0.136,0.105,5,23.44,2,WILDFIRE
EVT-WIL-038,147.679,293.139,0.799,66716.57,0,84107.02503140327,0,0.009915697059881434,4536.210612996375,17,0.0760921261689712,30540.053380096582,24530.34361388536,103652.98068761609,40486.472820885014,0.974,0.019,0.082,7,105.19,3,WILDFIRE
EVT-WIL-039,156.997,296.622,0.784,78857.77,0,48404.9728900444,0,0.03573696235020542,5663.739957770803,4,0.10988731212152193,34781.59316249897,133812.99069411188,111770.99464758794,14680.233689684454,0.811,0.132,0.166,4,3.91,1,WILDFIRE
EVT-WIL-040,84.341,92.981,0.798,87589.22,0,20029.131104320648,0,0.0619569256310312,2878.3948020876464,9,0.15342881722744792,114369.36966599441,123872.2844445135,64549.081645664446,119611.23374774096,0.72,0.189,0.01,6,90.21,3,WILDFIRE
EVT-WIL-041,142.856,179.302,0.849,79692.83,0,12947.611529746062,0,0.03239366689376362,18998.5872248965,32,0.10383497252956672,121897.68998948517,29699.473080485233,117500.19483635135,61340.826984528874,0.649,0.005,0.192,7,85.49,2,WILDFIRE
EVT-WIL-042,81.42,120.262,0.879,26541.22,0,63291.27254231233,0,0.03807323612171451,8251.737978822362,77,0.10525548650488858,23567.628529429105,51557.41582971896,25605.373726080274,15084.167055524804,0.899,0.07,0.116,5,17.78,2,WILDFIRE
EVT-WIL-043,59.824,72.428,0.759,16280.13,0,105008.19590907425,0,0.03586727915279112,8469.052858650899,47,0.07767342066372383,96806.63141098287,139381.561765904,112135.21549986696,48804.56160508762,0.581,0.198,0.015,9,16.77,4,WILDFIRE
EVT-WIL-044,104.637,197.561,0.879,56035.51,0,44877.39547495019,0,0.05679342304284926,9505.449273270091,36,0.11857561376700616,85387.85839006572,51503.75427064103,43450.50427422801,47295.35614448852,0.742,0.069,0.094,7,21.2,3,WILDFIRE
EVT-WIL-045,46.953,86.861,0.792,71116.59,0,18599.654043931536,0,0.07231138021453862,8087.385874680561,13,0.038617015060825856,86587.4995333543,114553.23365864695,33118.41639440846,99734.41618507811,0.583,0.153,0.062,2,26.78,1,WILDFIRE
EVT-WIL-046,95.325,126.338,0.855,65211.31,0,111880.54427800556,0,0.06689476589915797,1525.23181129958,47,0.17019358038394317,61910.28646841685,138965.55807908732,70740.37039577837,3540.3994646693304,0.818,0.027,0.139,3,81.3,1,WILDFIRE
EVT-WIL-047,71.355,80.801,0.762,48568.56,0,12316.7039242248,1,0.056266801383193316,1017.3825255184497,54,0.13382279302002936,128561.07387503135,76980.5349536997,57493.62052179883,3640.3537336514155,0.652,0.166,0.109,5,91.49,2,WILDFIRE
EVT-WIL-048,149.196,226.363,0.848,63383.72,0,96104.76779928312,1,0.08787636197825396,7774.681457382035,26,0.10171402391352699,44199.55928890249,28285.30532481321,93664.22469561537,61101.08602501495,0.581,0.103,0.096,6,110.68,3,WILDFIRE
EVT-WIL-049,77.586,94.798,0.761,16757.25,0,68086.64746025208,0,0.09635799122221538,17185.02137319687,77,0.03376967269770604,91169.54067372909,132331.3765750529,46812.28056452571,14829.42141446344,0.736,0.154,0.147,9,4.83,3,WILDFIRE
EVT-WIL-050,35.105,57.758,0.791,67023.64,0,98827.84505087124,1,0.05643926803591786,19651.813778197964,38,0.10929805748893298,66622.0109215847,58647.73333784368,51861.45724052334,16852.692731904244,0.877,0.046,0.181,9,60.52,4,WILDFIRE
EVT-WIL-051,43.592,57.652,0.77,32184.16,0,97012.06254276804,0,0.02843971345734089,6424.03405899391,67,0.15738016614026637,8475.701551553542,80466.32934624802,57250.05861773562,83744.83204067979,0.977,0.198,0.105,9,77.04,4,WILDFIRE
EVT-WIL-052,89.281,164.384,0.785,48462.43,0,26299.8704167389,1,0.03767340078748765,12564.93817430802,53,0.007217101777099666,71950.44359175386,80726.37962744395,28076.189134033433,19335.96753895712,0.974,0.181,0.16,2,33.03,0,WILDFIRE
EVT-WIL-053,85.825,142.027,0.814,76924.02,0,29109.121937377757,0,0.009681014930497146,18972.736016727285,27,0.07289893106924711,122300.5923634786,146290.48285078278,12446.027760320476,79245.3277483943,0.692,0.025,0.038,6,102.21,2,WILDFIRE
EVT-WIL-054,93.097,99.623,0.789,24284.13,0,105597.81771501596,1,0.04290261213574127,8905.988973939797,50,0.006461799481324603,82517.10893694492,149063.7345340929,115168.7805387163,7726.709774533092,0.668,0.013,0.011,7,70.23,3,WILDFIRE
EVT-WIL-055,100.985,148.696,0.824,14605.34,0,87049.26440650267,1,0.09029891534061368,1379.7375413309314,24,0.1684573383619945,126433.98284922764,22038.13542662722,9999.447466124006,100660.7967262515,0.934,0.002,0.036,2,108.56,0,WILDFIRE
EVT-WIL-056,108.998,189.501,0.868,95689.65,0,25444.85914915289,1,0.09157448578787096,11565.238214211806,42,0.07150199426510834,69527.32795382888,14151.989752061298,116344.02159930706,39346.53965448668,0.679,0.095,0.072,2,27.71,0,WILDFIRE
EVT-WIL-057,12.766,18.73,0.88,64157.18,0,29208.71106735963,1,0.0964373194891479,2338.5780430161367,22,0.15611454729021262,107637.36468820993,125352.78097805908,117180.01222304387,101532.094695474,0.899,0.142,0.021,7,57.53,2,WILDFIRE
EVT-WIL-058,43.539,64.531,0.816,24253.36,0,113658.82334311953,1,0.07957885651669701,11140.676034580432,10,0.09782920711437491,135343.62856647448,145911.55370377313,85466.08379605217,59503.791568198714,0.948,0.04,0.186,1,3.13,0,WILDFIRE
EVT-WIL-059,124.453,245.383,0.954,97305.33,0,59117.232085006675,1,0.03615990295726627,8134.383412846412,30,0.01615558234521515,16228.232362763541,118081.1273614852,55190.528471666454,111890.08515972059,0.584,0.17,0.123,1,74.15,0,WILDFIRE
EVT-WIL-060,120.966,135.635,0.904,86106.01,0,76568.75296252267,0,0.01575233413174795,4513.485963753647,2,0.1756324843901389,36712.112791987056,79784.57306176744,112532.70100190294,117331.5493999798,0.769,0.062,0.194,2,88.24,0,WILDFIRE
EVT-WIL-061,79.588,154.834,0.906,27802.42,0,34472.36876295699,1,0.01536018325377585,1734.9053346998828,3,0.03512236339662055,87442.60863204164,137305.07546286806,65854.60939223779,76240.77813379245,0.713,0.17,0.048,2,74.62,0,WILDFIRE
EVT-WIL-062,158.097,188.62,0.725,70025.96,0,30609.132180268603,1,0.06177889085055832,17350.668169258133,64,0.17079175926104112,55445.61248470588,18133.963487638706,29433.68807626355,54227.463184072956,0.581,0.095,0.151,7,34.93,3,WILDFIRE
EVT-WIL-063,136.41,201.078,0.967,67873.1,0,113917.68900434101,1,0.077077321366537,11039.295497329722,30,0.03290557867757578,51506.447248250486,99712.8233283087,81723.84717813254,53866.890376658404,0.931,0.098,0.028,5,19.17,2,WILDFIRE
EVT-WIL-064,30.968,45.493,0.816,56012.63,0,33608.307498156835,1,0.016887304161271478,18765.05899136997,57,0.03382264422656581,20560.292610715464,77158.91684297993,63787.3029788342,62458.57102905464,0.564,0.123,0.075,3,78.51,1,WILDFIRE
EVT-WIL-065,78.482,111.787,0.927,42761.06,0,56906.75880595002,0,0.04862806126705819,9819.958324426705,79,0.07591789128862103,14689.73443171212,90978.71151669433,29672.229350112346,77600.25068679884,0.805,0.004,0.103,3,42.03,1,WILDFIRE
EVT-WIL-066,151.361,162.131,0.868,78273.65,0,13693.34773822944,1,0.04690050790126722,17986.72974601862,78,0.08560101118192825,13747.968693262152,124220.964183602,78837.49637105472,94465.57456615158,0.889,0.126,0.186,8,117.74,4,WILDFIRE
EVT-WIL-067,32.011,43.839,0.977,9493.2,0,55955.024712993814,0,0.08562290037966075,12805.776136001807,51,0.06258125427046259,101066.79118309898,102418.85734903975,115388.67461327513,46396.741620375295,0.912,0.065,0.096,5,117.39,2,WILDFIRE
EVT-WIL-068,49.871,76.246,0.725,46976.27,0,55609.15796158269,1,0.050576231474274126,14863.175315756795,64,0.08274770360164657,36246.795562841566,113054.55720324657,18345.154794611062,26234.288633163043,0.766,0.194,0.052,9,61.04,3,WILDFIRE
EVT-WIL-069,138.321,196.471,0.849,97840.49,0,78204.39807183137,0,0.0894687886867815,5815.436699609888,59,0.019930366548099782,143626.7656307812,27391.347763210655,26127.036923792824,37085.54606634049,0.68,0.006,0.078,3,24.82,1,WILDFIRE
EVT-WIL-070,49.521,68.709,0.798,73941.16,0,67291.8316509442,0,0.0760546022729867,14309.072299931386,70,0.03153250221408066,56863.98157126627,74368.7142825683,20248.836557813545,34991.275148820685,0.705,0.171,0.114,7,26.45,4,WILDFIRE
EVT-WIL-071,84.19,98.312,0.767,76734.2,0,42533.31884271855,0,0.055023969190825764,14248.04983222176,10,0.012587693665835018,74762.84975565672,118420.62331383028,90514.84508743629,98363.55225759423,0.897,0.187,0.121,1,85.53,0,WILDFIRE
EVT-WIL-072,34.428,53.13,0.849,24367.95,0,58202.950915107984,0,0.02407530712142695,7535.805947641549,65,0.03174400375520423,72785.25821714291,61848.70325023927,31188.472620474528,90958.34298000144,0.556,0.186,0.053,4,5.71,1,WILDFIRE
EVT-WIL-073,14.921,19.628,0.754,42833.13,0,43150.83847650442,0,0.013089033085049507,9057.023185138,21,0.05453363319071436,58544.561994440446,39219.60307998014,92289.19230892835,111810.39164050193,0.696,0.066,0.018,3,4.0,1,WILDFIRE
EVT-WIL-074,149.279,228.249,0.849,36941.5,0,63768.36751235541,1,0.08671722766067061,19977.177928006342,51,0.11043296725136978,134018.02264828095,136748.1957505681,95599.8240734918,56928.97275555389,0.879,0.169,0.179,9,52.69,4,WILDFIRE
EVT-WIL-075,149.386,170.244,0.978,78848.35,0,17089.24804747672,1,0.04772006332829246,10139.133403925045,1,0.07332522981533501,87384.26593724785,85063.59197914193,100883.72580082508,15712.881081684702,0.832,0.007,0.154,3,96.11,1,WILDFIRE
EVT-WIL-076,51.389,74.178,0.712,49235.88,0,33219.89860382109,0,0.08478368672236547,19899.07216560692,63,0.15712416294967516,134035.356025488,50580.4516813362,49994.411179097035,34365.95726400447,0.719,0.085,0.176,1,33.17,0,WILDFIRE
EVT-WIL-077,85.377,123.528,0.772,54246.5,0,75905.53259758416,1,0.034464088651161774,11361.53474668828,75,0.05333393348162731,29620.996197042587,33301.90182370508,9779.605310961204,114067.34219208312,0.701,0.113,0.083,3,99.05,1,WILDFIRE
EVT-WIL-078,155.139,286.422,0.74,56434.33,0,53122.516152854514,0,0.06813294726896911,4242.462647516166,66,0.031583204384235807,122738.289219029,43383.19803983292,109854.36649313117,19386.482348670404,0.902,0.117,0.053,8,111.62,3,WILDFIRE
EVT-WIL-079,18.827,30.462,0.928,14212.51,0,83903.36481890059,1,0.0235256388415645,5886.043587403038,65,0.1736133995050563,43366.65277519295,67343.77223550693,53604.324409356836,32605.065741772974,0.661,0.133,0.024,7,112.51,3,WILDFIRE
EVT-WIL-080,98.145,170.003,0.824,22378.8,0,94888.60168095413,1,0.03783180142237857,16784.952926074307,61,0.038353488191820426,5624.337471813404,87819.26749808245,119307.09937692828,7521.384249745499,0.98,0.091,0.175,3,58.4,1,WILDFIRE
EVT-WIL-081,149.445,291.435,0.788,40675.17,0,31295.784255347586,1,0.08099407364448707,2236.3190989635377,41,0.07114223767660098,113325.99109133352,58873.765218922425,25093.86119564976,25873.011805400718,0.729,0.038,0.18,2,31.14,1,WILDFIRE
EVT-WIL-082,108.06,148.265,0.884,16649.95,0,53925.464134479356,0,0.0861814417816014,13023.922162075874,38,0.12427235181279025,147533.13987270652,64717.29884364119,50192.465180148014,111031.59522392004,0.872,0.175,0.027,1,39.1,0,WILDFIRE
EVT-WIL-083,19.095,26.741,0.771,43504.76,0,35538.06574456657,1,0.07545731382181348,2406.8659501861403,58,0.08428165302484512,34081.558341625336,31879.41455636042,57267.88892415651,36863.2757784436,0.663,0.125,0.078,3,42.1,1,WILDFIRE
EVT-WIL-084,98.128,193.105,0.846,91701.38,0,97158.77013409755,0,0.08027206052883656,5687.602016122472,72,0.049344190863949505,41935.61076703278,24580.52392815423,113424.4090681342,50039.592384377116,0.575,0.086,0.14,4,118.42,2,WILDFIRE
EVT-WIL-085,28.985,51.127,0.842,74555.69,0,33165.221149137855,0,0.039919530265779046,1184.7778166384983,67,0.02914948264493361,97691.29935164466,118521.26475489997,27679.32345317941,110335.28394413863,0.82,0.122,0.151,6,101.25,2,WILDFIRE
EVT-WIL-086,42.44,79.25,0.882,46660.47,0,103311.67744584242,0,0.022766114679921415,1485.4517786761253,67,0.15613623710686506,49341.03316709227,94742.87527016125,91916.12539298541,18010.31124580106,0.696,0.141,0.041,6,12.14,3,WILDFIRE
EVT-WIL-087,53.847,106.265,0.898,64168.02,0,95453.89570613336,0,0.0728374965746409,9103.843595370883,75,0.15780206497530652,81481.35636052105,112991.78453342935,98999.19543145668,90674.2848187837,0.679,0.008,0.146,2,6.14,1,WILDFIRE
EVT-WIL-088,123.475,184.973,0.836,48124.55,0,40239.74611739324,0,0.023833852936206015,10306.061271116889,9,0.09094984601275725,89483.43065060794,62289.766444444176,95066.29162965323,109838.98879062332,0.774,0.086,0.12,9,107.88,3,WILDFIRE
EVT-WIL-089,37.106,51.374,0.78,24057.42,0,35633.205989700786,1,0.06779718525450447,10700.264735946641,58,0.03393544209734884,120308.67749449288,144290.81141618075,87454.85087133278,110389.61960521089,0.763,0.184,0.007,4,8.97,2,WILDFIRE
EVT-WIL-090,157.904,197.146,0.755,60774.94,0,118228.74967417597,0,0.06382235529263369,9741.68838394252,28,0.17759317443538142,18602.134481120112,64794.36257309757,105438.06820968664,36234.003331602304,0.8,0.075,0.165,3,17.49,1,WILDFIRE
EVT-WIL-091,65.436,104.001,0.719,23669.36,0,96232.79927155374,1,0.09799785398901584,17728.831810262298,30,0.05423766437927076,116678.00146298899,53844.19885582396,73944.45230521761,80042.24990201516,0.863,0.058,0.145,8,8.9,4,WILDFIRE
EVT-WIL-092,13.563,14.967,0.939,29592.72,0,100914.68581759895,1,0.02201578911522997,14382.397306477285,1,0.10143418265451672,76862.73633916574,13005.443722657166,43748.27836499038,104216.72713354585,0.733,0.159,0.098,1,60.58,0,WILDFIRE
EVT-WIL-093,17.762,26.711,0.948,69199.68,0,11459.997748035605,1,0.09451482876707727,1492.1743236277853,31,0.1349470351880346,42353.82934639529,130658.2806622825,90289.95353824571,106627.50499042845,0.663,0.084,0.073,8,63.05,3,WILDFIRE
EVT-WIL-094,47.628,66.526,0.742,88233.6,0,32183.576528301794,1,0.07792699435748007,5291.1449884021295,42,0.04153433494809905,8941.409357149829,143984.7176264406,86071.97496639093,77360.56141919162,0.608,0.139,0.17,3,29.27,1,WILDFIRE
EVT-WIL-095,124.338,247.162,0.713,76822.53,0,91327.40894183898,1,0.047613382109041036,9265.878701908658,42,0.11527905817865543,34222.57143189556,133768.5107771561,97975.02743265402,43898.94253988796,0.805,0.151,0.072,1,2.3,0,WILDFIRE
EVT-WIL-096,38.424,44.868,0.855,62872.95,0,72804.24124300273,0,0.09723462479335981,18106.40740879053,11,0.16594155116985607,53163.64191700049,29524.532570514082,27777.34312555831,13530.162752275513,0.874,0.179,0.161,3,30.42,1,WILDFIRE
EVT-WIL-097,149.792,254.316,0.973,46355.95,0,21452.39057135505,0,0.09898230692048736,1944.124825696935,5,0.02385757457125445,124951.91636065679,89134.83142772675,93606.8129346119,76816.70490940064,0.759,0.021,0.047,3,63.79,1,WILDFIRE
EVT-WIL-098,39.697,70.544,0.727,90825.59,0,106803.60787684219,0,0.052212509290315096,14398.619028345343,51,0.0805306953225797,55179.254321186534,72809.60560528081,22856.550296531597,96198.8923869149,0.58,0.138,0.126,2,91.12,1,WILDFIRE
EVT-WIL-099,58.369,99.953,0.968,62052.0,0,37198.8235096258,0,0.02463522417832268,16920.367959558676,12,0.05943623320759164,104477.23107835553,129179.3964450822,12096.126030229927,92507.85540583103,0.738,0.151,0.2,6,20.09,2,WILDFIRE
EVT-WIL-100,95.735,104.985,0.813,61634.0,0,42458.53223445136,1,0.06889014524529723,18241.03414329806,17,0.05310345756823117,87480.90178072626,47025.946508176276,67851.41352999207,75757.85758655785,0.833,0.144,0.128,5,95.04,2,WILDFIRE
EVT-AGR-001,55.103,98.747,0.877,12684.69,0,62981.86193506708,0,0.020261968832628614,6966.050648908524,114,0.2089300997864625,69211.04785503767,10184.843615654514,46343.367714172804,42676.40780843578,0.033,0.866,0.21,2,28.79,0,AGRICULTURAL_BURNING
EVT-AGR-002,87.09,144.99,0.831,36299.75,0,13237.590946103917,1,0.0661443947697055,7454.772467595014,43,0.08637738155570569,83485.74128211642,55942.43371672795,76760.9034629079,48837.93038367514,0.029,0.711,0.237,1,24.74,0,AGRICULTURAL_BURNING
EVT-AGR-003,82.494,113.499,0.904,73229.92,0,52423.451415111216,0,0.13919559122487363,4968.944555987809,113,0.16802411067032144,61393.705462170365,74538.9683178794,9969.48254216473,53021.681536631295,0.091,0.962,0.112,1,44.4,0,AGRICULTURAL_BURNING
EVT-AGR-004,57.464,70.68,0.918,47381.0,0,50751.20097457413,1,0.07402598706545116,4736.373293473876,166,0.2894159967897166,46705.916969285514,20545.789741242763,24040.863912161465,12233.19121868649,0.143,0.907,0.084,1,3.51,0,AGRICULTURAL_BURNING
EVT-AGR-005,66.02,95.281,0.802,15153.12,0,5053.972279599723,1,0.11538638719473321,7361.317783718375,80,0.029001744584798053,58288.34164862119,17965.463165107172,94284.39962217564,19234.404965485388,0.035,0.91,0.054,1,26.78,0,AGRICULTURAL_BURNING
EVT-AGR-006,58.515,79.749,0.862,82537.45,0,64530.725681260745,0,0.09623419889465283,4181.3601049943445,62,0.2327000546457905,25375.87515680221,90861.80973268324,51520.335983395154,76341.03532814673,0.135,0.907,0.165,1,30.15,0,AGRICULTURAL_BURNING
EVT-AGR-007,96.019,148.614,0.907,37068.96,0,85724.36818311657,0,0.03359184983909373,2940.2348942782032,179,0.0901212642849287,28498.519219498918,59497.13992931961,99371.68474514678,99056.97444799719,0.076,0.768,0.121,3,12.74,1,AGRICULTURAL_BURNING
EVT-AGR-008,97.144,116.28,0.773,29986.64,0,55043.45697941923,0,0.12899558155524088,9336.0412386897,116,0.07708097565227229,54268.54770741793,83785.1943021667,32410.60143355539,45661.47712060527,0.097,0.959,0.086,3,33.56,1,AGRICULTURAL_BURNING
EVT-AGR-009,7.945,12.513,0.877,68472.2,0,98634.00464364076,0,0.13591602161477723,8004.638613797771,177,0.09535654020238561,34122.45718451719,56086.43559687285,57395.405332515176,52033.7734776355,0.091,0.72,0.029,4,31.78,1,AGRICULTURAL_BURNING
EVT-AGR-010,57.97,97.875,0.92,51342.42,0,65483.67659204908,0,0.11237612359732994,3402.144272135718,76,0.11258955914497872,15340.918303507317,21305.084372805166,85500.52525537169,46289.386842302825,0.129,0.603,0.233,4,2.22,1,AGRICULTURAL_BURNING
EVT-AGR-011,5.37,7.671,0.777,19109.4,0,26647.43972251921,0,0.08309716887252891,309.4445130906055,137,0.10858120805428025,20169.13687877008,66619.66751533555,29678.010941134526,9299.837583364533,0.06,0.88,0.225,4,6.85,1,AGRICULTURAL_BURNING
EVT-AGR-012,13.43,18.746,0.953,85806.51,0,10218.82397377858,1,0.0032585183556134434,8503.041920047279,106,0.06351119339203717,61836.93451395669,46134.73871704233,45956.59755949454,9964.322808924448,0.069,0.874,0.027,3,7.78,1,AGRICULTURAL_BURNING
EVT-AGR-013,38.366,69.199,0.918,46891.21,0,81261.46377016048,1,0.0016525001076342692,1868.1813394014655,161,0.27309317286273405,56300.88044160564,17553.839090076384,22670.67390308841,67018.66569100007,0.041,0.763,0.065,2,39.68,0,AGRICULTURAL_BURNING
EVT-AGR-014,96.162,119.633,0.95,53553.12,0,73857.59811345294,0,0.14297225698687885,4991.2296762515925,109,0.10407613539990747,49291.59226765226,37887.63048566126,24768.34158944457,7458.435185993587,0.051,0.674,0.076,3,4.87,1,AGRICULTURAL_BURNING
EVT-AGR-015,54.493,77.069,0.815,22788.57,0,38460.186888686796,0,0.0027656704312790715,4447.867280738754,129,0.20032263240596312,62209.1985899078,78334.89828120545,81620.41241900036,72035.46462918061,0.03,0.858,0.195,5,41.56,2,AGRICULTURAL_BURNING
EVT-AGR-016,74.294,128.45,0.873,76939.16,0,14765.781133751196,1,0.09051089362314128,2531.103784213571,88,0.03191450894109742,24688.26112497655,47124.756968065965,43151.24094829628,20136.697188734677,0.122,0.87,0.124,5,44.57,2,AGRICULTURAL_BURNING
EVT-AGR-017,26.449,46.671,0.795,38497.15,0,83319.47655493181,1,0.03020224785790728,9302.771864115495,166,0.02500106856905063,92721.3598525737,95337.09263784807,4169.030712544744,77012.87178734456,0.074,0.897,0.226,4,28.02,2,AGRICULTURAL_BURNING
EVT-AGR-018,47.491,65.958,0.817,54469.93,0,97169.14939413512,0,0.14560652417943196,5548.20270640663,163,0.041883719167908715,85429.55218708851,62541.340813474126,62629.464186264035,43473.60015629256,0.123,0.871,0.099,3,38.63,1,AGRICULTURAL_BURNING
EVT-AGR-019,32.105,53.881,0.749,62069.3,0,59324.987769505366,1,0.11096550398492254,842.671342780269,31,0.22433861477226175,85350.90699461084,48829.461723755354,52453.54550753379,33284.78447344159,0.077,0.958,0.108,1,47.39,0,AGRICULTURAL_BURNING
EVT-AGR-020,42.364,75.836,0.88,50282.94,0,97098.56545393082,0,0.05534828299505174,1830.5931237067502,133,0.08148228581658556,48000.461752674855,94429.13483049077,74212.19553880906,23878.643573377532,0.106,0.751,0.225,2,11.81,0,AGRICULTURAL_BURNING
EVT-AGR-021,28.489,35.96,0.72,78147.9,1,86658.30767479532,1,0.1277583274128778,2492.8260200131963,71,0.1932249713421689,92887.03734388435,28015.718887336032,70213.87928682793,98769.32413584295,0.075,0.976,0.023,3,25.08,1,AGRICULTURAL_BURNING
EVT-AGR-022,43.982,52.46,0.895,71700.26,0,19306.837288085335,0,0.10112927886672242,3463.385882715401,20,0.03994845366264552,49104.644934709606,76115.7559254637,30656.87284027331,35499.54711799807,0.134,0.551,0.089,1,27.09,0,AGRICULTURAL_BURNING
EVT-AGR-023,22.245,33.371,0.885,53900.07,0,85341.44306146236,1,0.1264097953209708,4519.255972222724,96,0.28683304523682895,66127.07520262047,14242.189935967193,88854.01985799966,50458.723510587384,0.127,0.625,0.196,5,37.79,2,AGRICULTURAL_BURNING
EVT-AGR-024,52.217,56.29,0.745,66541.04,0,18455.701957425976,0,0.10313009026648078,568.9878166219489,31,0.10024625417586772,16559.396275577208,45784.510672876575,43192.31588345305,53622.014164819026,0.132,0.893,0.22,5,33.83,1,AGRICULTURAL_BURNING
EVT-AGR-025,92.315,104.819,0.772,11158.67,0,31565.45126474037,0,0.09215791598027787,3799.8082285352784,10,0.20237379964721297,13540.696168014041,4336.403463522882,27084.542044873397,47285.09033042307,0.067,0.84,0.213,5,8.6,3,AGRICULTURAL_BURNING
EVT-AGR-026,9.643,16.306,0.783,60130.73,0,42436.83754600439,1,0.05667564662892359,5351.367678070481,146,0.1861843658838138,5117.644989643726,52967.93755408033,36448.632161687274,43864.1723852757,0.02,0.6,0.044,3,30.98,1,AGRICULTURAL_BURNING
EVT-AGR-027,70.251,105.959,0.951,37760.21,0,14527.302857048775,0,0.14136063762127837,320.46132423304005,141,0.18838437358717738,77092.87452697073,30626.336099039272,79392.89173173203,64338.43992433122,0.011,0.868,0.247,5,28.24,1,AGRICULTURAL_BURNING
EVT-AGR-028,69.551,118.573,0.969,46859.35,0,93270.45006575165,1,0.0063519170998057204,4504.883834167362,176,0.17315658052190108,17234.09362114229,35619.72555145409,98801.80243237679,4574.35426521973,0.018,0.655,0.096,1,35.36,0,AGRICULTURAL_BURNING
EVT-AGR-029,87.958,144.205,0.692,7404.85,0,47988.25349481648,0,0.04858518940789326,4850.005177276018,152,0.29385280882063436,49063.053138143274,15699.367278210408,8016.984691639933,94705.407526675,0.042,0.807,0.12,1,14.53,0,AGRICULTURAL_BURNING
EVT-AGR-030,95.807,180.466,0.894,44543.06,0,30251.89426113124,1,0.01360526491349529,4294.18569345099,93,0.28042954539003473,51734.06038220102,97200.1097248258,28107.056812027768,51940.888251281904,0.11,0.645,0.124,2,22.75,0,AGRICULTURAL_BURNING
EVT-AGR-031,66.734,85.412,0.788,8881.29,0,86655.4252218859,0,0.041923106035528436,8569.206097837028,83,0.1291690512843305,54480.15923284271,97723.12544226913,21088.879591318797,32235.86176185801,0.065,0.738,0.076,4,28.63,1,AGRICULTURAL_BURNING
EVT-AGR-032,77.913,106.741,0.79,41662.05,0,7951.612006634794,0,0.03002751458772893,6832.345860538125,73,0.07077000845443866,68456.83698336936,28557.116534363817,37456.12990975638,36839.48324850055,0.114,0.954,0.172,5,21.29,2,AGRICULTURAL_BURNING
EVT-AGR-033,35.184,40.061,0.8,15527.83,0,73091.4162655429,0,0.05419483482790246,8540.964918490554,86,0.18014617517953674,23741.589663965788,90308.85397993721,36237.07871526314,6780.999621120078,0.084,0.95,0.028,4,22.51,1,AGRICULTURAL_BURNING
EVT-AGR-034,25.595,32.849,0.796,49968.35,0,51987.021277573025,1,0.03576996655736138,7496.3976396053695,26,0.0566105077453692,81273.58976234146,93880.0069487025,61833.61373957064,71904.84162621445,0.014,0.786,0.096,1,26.77,0,AGRICULTURAL_BURNING
EVT-AGR-035,15.289,17.702,0.722,88408.5,1,72790.72794120465,1,0.05123073933024343,1712.2798573027546,178,0.16536682577601,54725.231553675694,20257.511364726015,62471.613642431534,4370.099147251925,0.092,0.974,0.04,2,10.59,0,AGRICULTURAL_BURNING
EVT-AGR-036,41.475,76.379,0.723,89750.87,0,93128.49823315105,1,0.0059340312585287715,1171.6694706010846,51,0.08726970551829968,29568.898354786386,6182.569951279681,30097.416782791726,21715.348439867765,0.145,0.575,0.232,2,27.69,0,AGRICULTURAL_BURNING
EVT-AGR-037,68.984,99.186,0.725,25750.12,0,40968.98810627926,0,0.05085116109043186,3346.44644695397,72,0.045124757767550344,5444.87987123773,22605.08711517726,76394.99445941168,99108.54725845884,0.005,0.855,0.25,3,8.57,1,AGRICULTURAL_BURNING
EVT-AGR-038,61.03,99.564,0.851,36040.7,0,93209.98663044626,0,0.07977357836669013,3214.3575334548414,93,0.2367030428185437,77181.39872946692,84894.41868549712,89863.94398809779,45131.877077853685,0.031,0.792,0.223,4,32.34,2,AGRICULTURAL_BURNING
EVT-AGR-039,28.24,29.92,0.966,23910.99,0,77853.17897018377,1,0.04626894337466252,9299.498215660884,146,0.046415620739103526,99444.11037883844,77698.79966141033,12047.277816459742,66654.27586618505,0.025,0.672,0.116,1,38.52,0,AGRICULTURAL_BURNING
EVT-AGR-040,19.59,33.502,0.723,82637.39,1,8247.044038184715,1,0.11988343824885829,6063.861505605332,139,0.2599209097366397,12494.67818084139,29764.61267795888,43175.21959448904,7118.421424325533,0.024,0.555,0.077,3,43.96,1,AGRICULTURAL_BURNING
EVT-AGR-041,61.257,77.709,0.837,32238.67,0,47580.52831926078,0,0.058910251815262944,4308.5160567238345,51,0.2662352853765518,29223.074141180987,89693.08348547839,44319.183586846375,34797.34890731664,0.086,0.629,0.128,1,7.02,0,AGRICULTURAL_BURNING
EVT-AGR-042,82.855,133.05,0.886,65871.13,0,52738.644686838874,0,0.03860584695827191,5076.5253154810625,78,0.06250448526207275,37137.20447322771,57881.65127928679,43100.59970581628,82919.49902192726,0.042,0.593,0.159,5,4.12,2,AGRICULTURAL_BURNING
EVT-AGR-043,20.232,31.741,0.909,74859.86,0,29388.56734584079,1,0.1177083031277027,9679.170957374974,174,0.2546782353524851,16784.080807609338,54066.62879159633,19487.916555991214,82368.05320484396,0.082,0.792,0.129,5,10.87,1,AGRICULTURAL_BURNING
EVT-AGR-044,83.776,130.27,0.751,68382.38,0,60495.40417241311,0,0.13943984580107568,1240.3419278111808,51,0.17788147297196788,72940.93380267237,8708.308121245882,60992.03522100175,82142.41789992012,0.088,0.598,0.038,1,36.29,0,AGRICULTURAL_BURNING
EVT-AGR-045,71.328,91.786,0.886,85592.55,1,11415.09486971507,1,0.038783576722311,6662.952070215516,94,0.05322966278207657,93893.98877503916,89788.67242632898,21039.51872794379,34356.79078341515,0.049,0.651,0.11,2,23.29,1,AGRICULTURAL_BURNING
EVT-AGR-046,18.422,23.524,0.929,56205.44,0,60825.32259203909,0,0.06639840227403873,1647.2840874136532,130,0.04916241826480404,99977.23768069135,47169.15578001826,87635.57966740432,49790.4724490241,0.01,0.659,0.073,2,47.31,0,AGRICULTURAL_BURNING
EVT-AGR-047,22.509,35.795,0.79,83563.83,0,92623.97566187031,1,0.017102878700182643,9303.35865846982,20,0.28529805261253977,33527.59240414025,37450.994038405566,46887.67277897152,43367.68296652721,0.067,0.872,0.244,1,31.2,0,AGRICULTURAL_BURNING
EVT-AGR-048,89.223,101.082,0.868,71541.24,0,23054.295516161685,1,0.03799614010584656,7082.19685382875,162,0.0388035897657924,6758.879158257658,66411.8558399613,35884.53818460625,66579.56109384014,0.093,0.615,0.07,4,13.69,1,AGRICULTURAL_BURNING
EVT-AGR-049,88.867,121.555,0.809,39824.59,0,13932.014206038884,1,0.11227717003396431,8775.045606955413,171,0.05821175513246306,34055.61398260833,38729.38392801538,55105.746887701396,31796.243094219186,0.11,0.743,0.024,3,39.34,1,AGRICULTURAL_BURNING
EVT-AGR-050,91.147,121.851,0.857,56748.66,1,10759.920507993487,0,0.03818239719409232,3920.620785485827,69,0.07514867193360734,28403.94833277934,63814.37702193007,40650.92195407231,36502.18913744073,0.017,0.834,0.2,2,36.76,0,AGRICULTURAL_BURNING
EVT-AGR-051,56.947,104.283,0.934,82864.96,0,55721.03510862542,1,0.05683019345219358,5916.442976302822,140,0.29053673510308936,53632.07106945092,91250.36492220181,79986.24455287341,8695.712120064522,0.145,0.75,0.031,2,19.34,1,AGRICULTURAL_BURNING
EVT-AGR-052,23.565,43.96,0.901,59480.38,0,45764.392789579404,1,0.14800678686722998,4637.925282498974,127,0.045979927155487044,57514.88994714818,15276.687836024148,75897.39734710116,52244.66875379245,0.097,0.63,0.236,4,15.18,1,AGRICULTURAL_BURNING
EVT-AGR-053,47.873,76.003,0.726,62232.91,0,73725.97999584222,1,0.09434220257441657,6163.1493596064975,157,0.23127968272309674,84718.13514090874,87298.21726886927,6533.728981239681,56950.458789385564,0.041,0.62,0.096,5,22.35,2,AGRICULTURAL_BURNING
EVT-AGR-054,56.465,65.474,0.88,85235.51,0,25545.584430767387,0,0.09725965278050418,4260.202542421138,155,0.07266918387397836,35885.29171422317,71266.43637040177,22822.875885528963,12077.545697822157,0.015,0.568,0.186,3,36.77,1,AGRICULTURAL_BURNING
EVT-AGR-055,40.771,53.322,0.73,89661.34,1,89362.73203161734,1,0.029969239598719888,2993.8842799569175,138,0.292179649596648,71693.89521563439,62220.634408741,32839.96308614065,32015.138984152658,0.124,0.825,0.189,1,41.35,0,AGRICULTURAL_BURNING
EVT-AGR-056,61.86,83.56,0.716,20821.79,0,8754.743775571895,0,0.0064762837585326805,148.08764399506245,132,0.22425862460107412,95040.75444346516,76380.79562954912,48749.098490564735,50146.38920740468,0.009,0.944,0.092,2,47.16,0,AGRICULTURAL_BURNING
EVT-AGR-057,62.076,101.622,0.708,21027.61,0,46432.96015166501,0,0.07825713212787602,4368.3944756970395,61,0.18748700641141688,90117.64780860617,99515.9134804096,10638.09911864296,40314.296848150116,0.091,0.974,0.175,1,47.28,0,AGRICULTURAL_BURNING
EVT-AGR-058,87.366,118.815,0.681,48114.91,0,22167.088597846898,1,0.043120952782263446,1827.917603105204,66,0.23394129495796132,51140.00805443588,92166.8214750709,6161.466994960406,9496.867273803022,0.074,0.625,0.033,5,4.79,3,AGRICULTURAL_BURNING
EVT-AGR-059,32.39,39.379,0.688,52041.67,0,43310.99037838269,1,0.03940943946222503,9861.694456458574,19,0.07850869009569193,22217.4209169728,58643.14487318378,51305.834206936204,59302.51482867594,0.097,0.717,0.148,3,8.25,1,AGRICULTURAL_BURNING
EVT-AGR-060,92.66,169.492,0.868,83900.29,1,40789.85142981193,0,0.020787082716369424,4341.08719383051,149,0.21313331756434434,87218.93470744127,38848.4458166055,58071.32311209402,9706.574665704367,0.009,0.597,0.042,3,17.53,1,AGRICULTURAL_BURNING
EVT-AGR-061,18.911,31.879,0.783,6104.43,0,21180.31337062375,1,0.10918213379977829,2951.7936903491927,17,0.22264868125371454,9440.633067197632,86667.13663960758,84046.42921677588,11626.088075877416,0.05,0.668,0.207,1,33.69,0,AGRICULTURAL_BURNING
EVT-AGR-062,69.332,84.28,0.868,46098.49,0,7256.86811343272,1,0.12804452597201008,2423.564541613768,14,0.1735165290002928,44345.687708465506,80165.9760441744,50423.13524265505,51564.10154414316,0.078,0.593,0.058,3,7.23,1,AGRICULTURAL_BURNING
EVT-AGR-063,35.598,64.557,0.843,83128.59,0,98963.73425249073,0,0.12460559081188971,612.3224814784594,31,0.15374165548043178,88974.47792150329,67525.75466359977,69465.81807851489,28541.776378879098,0.017,0.789,0.099,2,42.33,1,AGRICULTURAL_BURNING
EVT-AGR-064,57.536,73.663,0.822,8171.37,0,44764.605179338156,0,0.07821648152369913,4676.056508422314,69,0.11153153852555701,32631.6194000035,27332.730490546848,38409.58294782157,17544.323359603884,0.046,0.793,0.03,5,4.73,2,AGRICULTURAL_BURNING
EVT-AGR-065,37.176,46.242,0.735,69889.96,0,87849.90869033951,0,0.02006796383907832,6969.207408669114,110,0.25734661103943246,26040.960189069112,17608.2576507146,3835.8739419739495,7583.282869079056,0.021,0.963,0.157,1,34.37,0,AGRICULTURAL_BURNING
EVT-AGR-066,50.93,76.565,0.774,13946.9,0,77413.8780888336,0,0.0067320483714414904,7505.902494890937,177,0.04012140643546881,60436.88401565568,76339.30239553907,37842.826534970554,4060.6679477343823,0.041,0.591,0.064,4,31.02,1,AGRICULTURAL_BURNING
EVT-AGR-067,46.171,62.323,0.889,54217.26,0,61542.98845191546,0,0.03864261342577436,1975.9636441534365,178,0.05469924997098419,56859.79513030544,60855.17463794651,79850.27120552903,76048.10754118944,0.073,0.966,0.194,5,23.52,2,AGRICULTURAL_BURNING
EVT-AGR-068,35.322,44.772,0.97,66088.62,0,89791.44200553327,0,0.037090062461916665,5603.186308270035,146,0.10327534854620239,34989.18181649574,93398.60381530965,69143.90279150613,97535.27008535726,0.004,0.808,0.036,1,44.87,0,AGRICULTURAL_BURNING
EVT-AGR-069,32.73,36.146,0.894,13651.81,0,44606.69098828073,0,0.07306731298746326,1162.1418694848965,99,0.08627655846744893,54180.72697863477,9535.307597901607,93351.80714296227,15012.83714850697,0.047,0.555,0.12,4,38.66,1,AGRICULTURAL_BURNING
EVT-AGR-070,43.618,77.267,0.827,23958.07,0,23808.170909606175,1,0.014540181268397056,9012.753186192553,138,0.22319627180230994,9656.223139559313,70109.16494470833,64267.96859061783,76462.89497577211,0.004,0.654,0.104,5,17.51,2,AGRICULTURAL_BURNING
EVT-AGR-071,54.473,72.946,0.918,18396.13,0,83678.7959864869,1,0.08792644429064579,3292.386853959599,130,0.2152366253123801,95826.24370918561,59989.612711300804,67441.45223812263,45401.42009338067,0.075,0.839,0.203,1,37.37,0,AGRICULTURAL_BURNING
EVT-AGR-072,16.029,17.359,0.775,47116.76,0,76831.47692559207,0,0.024058398610160413,2103.8122670872467,179,0.17104257242602902,49693.41353438085,58442.26909715172,7760.182629254485,42214.81626405355,0.072,0.842,0.173,2,15.95,0,AGRICULTURAL_BURNING
EVT-AGR-073,34.896,46.439,0.881,60029.92,0,60382.934896228275,1,0.09860009426525602,7230.138687126371,107,0.1996332169354398,79653.5860727752,63601.78156440539,55138.24326610884,61801.05360211766,0.066,0.934,0.028,5,8.67,2,AGRICULTURAL_BURNING
EVT-AGR-074,5.962,10.9,0.812,86112.8,0,14613.369841566573,0,0.07910996709871967,8742.5734324769,52,0.21013443576063803,11769.583611774066,60450.670193107224,24508.5848007986,74199.60629950612,0.138,0.789,0.067,2,33.21,0,AGRICULTURAL_BURNING
EVT-AGR-075,30.509,35.62,0.883,87799.32,0,83606.88098833099,0,0.08870439146275645,3452.0552877870587,108,0.14495000592516663,86818.5103200885,73162.07210381418,53416.10499049678,38718.541466091985,0.111,0.949,0.037,4,33.52,1,AGRICULTURAL_BURNING
EVT-AGR-076,84.27,125.976,0.943,79629.22,1,9786.075137412663,1,0.028953778430905595,3796.49707826088,30,0.2843602211813569,51999.87930129862,25779.495836145416,13257.763333766865,35815.635886487515,0.038,0.768,0.043,5,31.97,1,AGRICULTURAL_BURNING
EVT-AGR-077,33.454,41.726,0.86,71876.87,0,82494.4103773504,1,0.11587587090336202,8046.779263656101,72,0.05102981551563715,62039.99600479802,96032.31814699774,42007.39326564473,7941.576633293161,0.128,0.92,0.099,2,19.92,0,AGRICULTURAL_BURNING
EVT-AGR-078,13.204,23.724,0.948,74837.12,0,92713.75557449847,1,0.07832121708135027,5567.305891405696,159,0.07928750877731497,82486.72328782982,51364.20372403626,6286.146128827982,69252.45077555279,0.148,0.657,0.037,3,27.41,1,AGRICULTURAL_BURNING
EVT-AGR-079,61.643,78.559,0.734,8436.71,0,95297.14563125708,0,0.04157972103158097,627.9183408400725,150,0.2832983955106905,93895.08431333104,54644.28601214833,65304.78893213891,47872.2058889484,0.132,0.695,0.176,4,16.42,1,AGRICULTURAL_BURNING
EVT-AGR-080,58.128,61.083,0.69,89223.6,0,44877.709874382075,1,0.014512934754164403,2404.048252094256,25,0.25425940899383237,17145.73317136096,24989.76923572694,56215.56375425413,23867.728153592616,0.135,0.559,0.202,4,22.2,1,AGRICULTURAL_BURNING
EVT-AGR-081,76.376,131.677,0.86,30606.78,0,20504.635048189775,0,0.05521399064949232,6298.976929820645,103,0.27541749531442933,17646.333749201563,91603.0650018672,90541.52684002311,83421.49558358257,0.145,0.739,0.123,4,20.25,1,AGRICULTURAL_BURNING
EVT-AGR-082,83.538,152.264,0.95,52965.18,0,64972.162144078095,1,0.09588189899047524,6935.90595705635,113,0.024615016166923964,95934.98017858302,59803.56486216124,78802.1864220349,39596.33838895222,0.126,0.792,0.181,3,36.24,1,AGRICULTURAL_BURNING
EVT-AGR-083,52.346,81.137,0.681,77756.81,0,6177.735322000616,1,0.07607851789738934,4426.1939542833725,94,0.11512077516538148,27233.13051754304,54171.85282622673,39401.97955026893,97083.39265583144,0.019,0.901,0.185,4,19.43,2,AGRICULTURAL_BURNING
EVT-AGR-084,59.198,62.191,0.867,66044.94,0,21428.094237858488,1,0.04409407063868565,5478.760844735974,60,0.1597984719527614,65442.82514615449,95150.17174569816,30666.445292905137,70198.84221773467,0.121,0.843,0.084,3,46.08,1,AGRICULTURAL_BURNING
EVT-AGR-085,92.296,156.172,0.857,19634.51,1,7378.819285492444,0,0.06955795919948891,406.8484059632312,50,0.19294744895501886,68796.1290149657,75432.97633929053,53107.726969772186,61582.63250292678,0.115,0.774,0.22,5,18.9,3,AGRICULTURAL_BURNING
EVT-AGR-086,15.316,18.08,0.923,46172.66,0,42626.19887145629,0,0.014992778366176955,6584.459649594495,12,0.29875548388401735,4532.91419883973,57085.59919215913,75847.84902960811,83197.15831734623,0.071,0.621,0.182,1,38.38,0,AGRICULTURAL_BURNING
EVT-AGR-087,33.84,61.098,0.838,80300.54,0,56794.46561615081,0,0.10450874179118301,8603.765871964963,113,0.05424107041678922,92839.67303866176,5523.68814450229,84111.3758429042,10443.821376290634,0.05,0.753,0.13,5,6.38,3,AGRICULTURAL_BURNING
EVT-AGR-088,57.554,77.262,0.831,29859.75,0,23489.680102467617,0,0.0667885058304061,3410.1563445021834,5,0.06647801521636765,46755.74559797891,42029.97566770183,77463.12017177793,89633.63968879315,0.139,0.818,0.138,4,34.42,1,AGRICULTURAL_BURNING
EVT-AGR-089,97.468,169.63,0.93,46047.17,0,66993.88891787277,1,0.04430861920647759,9141.851138639571,26,0.04484565804220896,42465.01642091017,94422.94806564768,95214.48962254012,42886.70817374256,0.046,0.878,0.052,2,21.95,1,AGRICULTURAL_BURNING
EVT-AGR-090,82.91,105.144,0.896,11265.53,0,68402.70436938576,1,0.11301908091545125,412.65517386068524,84,0.060364001697980355,62577.283943729126,25557.56945697717,67607.07302910741,37068.62396374594,0.06,0.861,0.23,4,38.63,1,AGRICULTURAL_BURNING
EVT-AGR-091,32.796,56.846,0.775,73509.2,1,89231.32802214303,1,0.07392567001031733,7751.661362239092,148,0.0959186081458253,50943.198350750674,22155.759030737983,86505.95834653641,82837.55880713624,0.007,0.979,0.22,4,45.71,1,AGRICULTURAL_BURNING
EVT-AGR-092,17.352,25.613,0.744,84521.82,1,90704.21849885512,0,0.14393943930892422,2360.5286931560668,158,0.2809108014226883,58407.67956114377,43982.02314006076,57356.26790888368,36232.42859507695,0.037,0.636,0.072,1,31.83,0,AGRICULTURAL_BURNING
EVT-AGR-093,62.243,102.1,0.786,18577.77,1,32412.53566129045,1,0.012364198418569021,5015.9924817571555,47,0.26857326919988844,64124.741019615314,53534.63637731003,44573.5130703389,48046.95775276762,0.145,0.817,0.084,4,40.27,2,AGRICULTURAL_BURNING
EVT-AGR-094,89.09,144.467,0.866,21130.29,0,24881.34801933534,0,0.029757444492229206,7194.565291600399,149,0.2327958032189227,58762.29707669022,86703.85837061836,31231.884187713054,88516.87046055774,0.09,0.729,0.155,1,3.91,0,AGRICULTURAL_BURNING
EVT-AGR-095,55.766,71.664,0.689,74345.84,1,74293.9936619339,1,0.09968695642909713,8478.795868200697,144,0.29806768156093805,43755.79688888995,81949.82131982832,75224.23667324925,46928.406074065744,0.008,0.875,0.101,2,12.61,0,AGRICULTURAL_BURNING
EVT-AGR-096,24.968,32.78,0.739,32000.69,1,93060.15497458864,0,0.08481988744143563,1148.8293342105194,74,0.08321705433855454,84547.52854177478,41465.614114398195,41226.15667328004,26860.158764490163,0.063,0.928,0.033,1,11.0,0,AGRICULTURAL_BURNING
EVT-AGR-097,27.845,39.173,0.741,15930.02,0,51702.98175825817,1,0.13427461766606094,794.1328772374204,146,0.1809498047472323,48325.51668555645,62585.3394957431,46385.74163010211,41668.54762278127,0.086,0.705,0.16,4,17.25,1,AGRICULTURAL_BURNING
EVT-AGR-098,35.593,54.664,0.761,9533.44,0,49828.66768080149,0,0.07514748165476652,4774.230065104397,106,0.24899388678826256,75327.8551500722,36113.7139355757,80655.98039898608,85804.11489343652,0.064,0.759,0.062,4,5.44,2,AGRICULTURAL_BURNING
EVT-AGR-099,41.234,44.659,0.854,12841.9,0,19581.759510548098,0,0.042796799039882066,7417.805987074553,106,0.0868598922204313,68126.14184478408,27747.09163759049,52580.94505270449,95018.70738787063,0.113,0.732,0.089,3,2.16,1,AGRICULTURAL_BURNING
EVT-AGR-100,70.009,77.129,0.724,33158.53,0,41224.216153361274,0,0.1480416871805842,8761.023403171117,158,0.06644248832253599,82506.84729491081,6118.491324754441,41150.28271883286,87461.13721183279,0.11,0.923,0.194,4,47.64,2,AGRICULTURAL_BURNING
