"event_id","latitude","longitude","first_detection","last_detection","detection_count"
"EVT-IND-001","19.182651","72.513706","2025-08-22 00:00:00","2025-08-23 23:04:12","3"
"EVT-IND-002","23.417034","72.735028","2026-05-16 00:00:00","2026-05-18 08:29:24","8"
"EVT-IND-003","28.490653","77.395308","2025-09-26 00:00:00","2025-09-27 11:18:00","6"
"EVT-IND-004","22.018632","73.408907","2025-03-12 00:00:00","2025-03-12 11:46:48","10"
"EVT-IND-005","13.32032","80.294353","2026-03-07 00:00:00","2026-03-08 17:34:12","8"
"EVT-IND-006","17.26779","78.543664","2025-09-12 00:00:00","2025-09-12 06:04:48","6"
"EVT-IND-007","25.768106","85.187449","2025-08-23 00:00:00","2025-08-24 10:19:48","9"
"EVT-IND-008","26.748109","75.791673","2026-01-26 00:00:00","2026-01-28 21:19:48","5"
"EVT-IND-009","21.310121","72.514182","2025-09-05 00:00:00","2025-09-05 23:25:12","9"
"EVT-IND-010","18.603607","73.648748","2025-04-20 00:00:00","2025-04-20 04:54:36","8"
"EVT-IND-011","19.551716","73.169989","2025-12-23 00:00:00","2025-12-24 11:45:36","3"
"EVT-IND-012","23.13223","72.864744","2026-06-02 00:00:00","2026-06-02 03:30:36","6"
"EVT-IND-013","28.986993","77.263967","2025-10-21 00:00:00","2025-10-21 18:06:36","8"
"EVT-IND-014","21.969409","72.927371","2026-05-10 00:00:00","2026-05-10 13:31:12","11"
"EVT-IND-015","12.923456","79.841738","2026-06-08 00:00:00","2026-06-08 08:36:36","6"
"EVT-IND-016","17.922515","78.550832","2025-07-21 00:00:00","2025-07-21 23:43:12","3"
"EVT-IND-017","25.819264","84.999488","2025-09-27 00:00:00","2025-09-27 15:58:48","9"
"EVT-IND-018","26.795457","76.107866","2025-11-10 00:00:00","2025-11-10 22:03:00","5"
"EVT-IND-019","20.92662","72.752749","2025-11-19 00:00:00","2025-11-21 08:55:48","6"
"EVT-IND-020","18.630862","74.278749","2025-09-10 00:00:00","2025-09-11 07:48:36","8"
"EVT-IND-021","19.043008","72.262495","2025-05-29 00:00:00","2025-05-29 23:43:12","3"
"EVT-IND-022","22.936653","72.843468","2026-03-22 00:00:00","2026-03-24 01:39:00","2"
"EVT-IND-023","28.6683","77.332115","2026-06-16 00:00:00","2026-06-17 04:09:00","4"
"EVT-IND-024","22.398605","72.791856","2025-01-27 00:00:00","2025-01-28 22:58:12","10"
"EVT-IND-025","12.98044","80.234479","2026-03-23 00:00:00","2026-03-23 18:16:48","3"
"EVT-IND-026","16.848149","78.78904","2025-08-14 00:00:00","2025-08-16 13:24:00","11"
"EVT-IND-027","25.747748","85.427396","2025-10-26 00:00:00","2025-10-28 04:48:00","8"
"EVT-IND-028","27.168171","75.237086","2025-02-21 00:00:00","2025-02-21 08:39:00","9"
"EVT-IND-029","21.279403","73.235459","2025-01-05 00:00:00","2025-01-05 08:08:24","9"
"EVT-IND-030","18.649325","74.153004","2025-03-05 00:00:00","2025-03-05 12:20:24","9"
"EVT-IND-031","19.425938","72.507212","2026-02-03 00:00:00","2026-02-03 10:17:24","10"
"EVT-IND-032","23.837179","72.499593","2026-05-29 00:00:00","2026-05-29 23:07:48","6"
"EVT-IND-033","28.797366","77.305696","2025-10-22 00:00:00","2025-10-24 16:47:24","8"
"EVT-IND-034","22.492723","72.934564","2025-02-18 00:00:00","2025-02-20 10:06:00","8"
"EVT-IND-035","12.563935","79.453934","2025-05-13 00:00:00","2025-05-15 06:09:36","8"
"EVT-IND-036","17.417244","78.193611","2025-09-30 00:00:00","2025-09-30 04:57:36","9"
"EVT-IND-037","25.54822","84.496783","2025-08-11 00:00:00","2025-08-11 23:05:24","4"
"EVT-IND-038","26.3955","76.160828","2026-05-26 00:00:00","2026-05-26 23:19:48","6"
"EVT-IND-039","20.874219","72.947675","2025-08-05 00:00:00","2025-08-06 18:04:12","3"
"EVT-IND-040","18.642098","73.714223","2025-05-02 00:00:00","2025-05-04 05:34:12","7"
"EVT-IND-041","19.108032","73.080972","2026-04-05 00:00:00","2026-04-05 21:38:24","10"
"EVT-IND-042","23.181388","72.463364","2025-01-31 00:00:00","2025-02-01 03:32:24","10"
"EVT-IND-043","28.423677","78.056145","2025-08-31 00:00:00","2025-08-31 13:36:36","6"
"EVT-IND-044","22.621435","73.751328","2025-03-30 00:00:00","2025-03-31 10:51:00","6"
"EVT-IND-045","12.95608","79.941307","2025-05-12 00:00:00","2025-05-13 22:37:48","10"
"EVT-IND-046","17.322271","78.398018","2026-04-01 00:00:00","2026-04-02 13:20:24","5"
"EVT-IND-047","25.486621","84.873865","2025-03-06 00:00:00","2025-03-06 15:24:36","2"
"EVT-IND-048","26.856523","75.558779","2025-07-02 00:00:00","2025-07-03 11:25:48","4"
"EVT-IND-049","21.081819","72.958309","2025-10-06 00:00:00","2025-10-08 22:55:12","6"
"EVT-IND-050","18.607563","74.494155","2026-06-08 00:00:00","2026-06-09 06:48:36","9"
"EVT-IND-051","18.873861","73.323757","2025-04-30 00:00:00","2025-05-02 08:09:36","9"
"EVT-IND-052","22.74019","72.122478","2026-01-21 00:00:00","2026-01-22 06:05:24","10"
"EVT-IND-053","28.469827","77.685925","2025-05-18 00:00:00","2025-05-18 07:56:24","10"
"EVT-IND-054","22.490778","72.658158","2025-04-12 00:00:00","2025-04-13 05:28:12","3"
"EVT-IND-055","12.946038","80.917439","2025-07-05 00:00:00","2025-07-07 06:38:24","10"
"EVT-IND-056","17.069152","78.366881","2026-06-02 00:00:00","2026-06-02 18:54:00","7"
"EVT-IND-057","25.886633","85.259873","2025-07-07 00:00:00","2025-07-09 17:10:48","4"
"EVT-IND-058","26.760007","75.619614","2026-03-16 00:00:00","2026-03-16 04:52:48","7"
"EVT-IND-059","20.358075","72.493827","2026-06-16 00:00:00","2026-06-17 05:35:24","11"
"EVT-IND-060","18.74702","73.851924","2025-06-13 00:00:00","2025-06-13 20:13:12","6"
"EVT-IND-061","19.470807","72.079442","2026-05-09 00:00:00","2026-05-09 11:40:12","8"
"EVT-IND-062","23.11985","72.626742","2025-01-26 00:00:00","2025-01-28 13:44:24","4"
"EVT-IND-063","29.243058","77.389704","2026-04-30 00:00:00","2026-05-02 09:56:24","3"
"EVT-IND-064","22.462091","73.618583","2025-06-21 00:00:00","2025-06-23 05:42:00","5"
"EVT-IND-065","13.558427","80.360025","2025-03-21 00:00:00","2025-03-22 18:55:12","7"
"EVT-IND-066","17.389006","78.573776","2026-06-21 00:00:00","2026-06-21 03:16:12","2"
"EVT-IND-067","25.942595","85.508328","2026-04-03 00:00:00","2026-04-04 07:21:00","9"
"EVT-IND-068","26.988431","75.716571","2026-06-16 00:00:00","2026-06-16 14:29:24","10"
"EVT-IND-069","21.673422","72.424372","2025-07-05 00:00:00","2025-07-07 17:16:48","6"
"EVT-IND-070","18.256888","73.543679","2025-02-26 00:00:00","2025-02-27 00:20:24","11"
"EVT-IND-071","20.188599","73.17565","2025-07-27 00:00:00","2025-07-28 01:45:36","5"
"EVT-IND-072","23.2558","72.227693","2026-01-05 00:00:00","2026-01-05 05:09:36","4"
"EVT-IND-073","28.261137","77.462499","2025-05-13 00:00:00","2025-05-15 20:42:36","8"
"EVT-IND-074","21.924537","73.282321","2026-06-15 00:00:00","2026-06-17 13:38:24","8"
"EVT-IND-075","12.846094","79.968889","2026-02-04 00:00:00","2026-02-04 20:31:12","9"
"EVT-IND-076","17.008314","78.223585","2025-02-24 00:00:00","2025-02-24 19:08:24","10"
"EVT-IND-077","25.482833","84.834148","2025-02-10 00:00:00","2025-02-11 11:44:24","3"
"EVT-IND-078","27.488988","75.895667","2026-05-30 00:00:00","2026-05-31 06:01:48","3"
"EVT-IND-079","21.045706","72.948644","2026-03-30 00:00:00","2026-03-31 21:35:24","2"
"EVT-IND-080","18.519728","73.999513","2026-03-06 00:00:00","2026-03-06 11:01:48","2"
"EVT-IND-081","18.977021","72.840536","2025-09-26 00:00:00","2025-09-26 14:24:36","7"
"EVT-IND-082","23.279954","72.702435","2025-07-05 00:00:00","2025-07-06 03:38:24","11"
"EVT-IND-083","29.074083","77.170593","2026-04-28 00:00:00","2026-04-28 08:25:12","4"
"EVT-IND-084","22.541728","73.050005","2025-03-09 00:00:00","2025-03-09 21:15:36","9"
"EVT-IND-085","12.964809","80.487596","2025-06-01 00:00:00","2025-06-03 22:19:48","2"
"EVT-IND-086","17.455971","78.311574","2025-06-23 00:00:00","2025-06-24 12:17:24","6"
"EVT-IND-087","25.629774","84.870787","2026-03-13 00:00:00","2026-03-13 18:49:12","8"
"EVT-IND-088","26.964845","75.93121","2025-09-04 00:00:00","2025-09-06 09:49:48","10"
"EVT-IND-089","21.675994","72.804025","2026-01-13 00:00:00","2026-01-13 06:52:12","4"
"EVT-IND-090","18.467463","74.008108","2026-06-14 00:00:00","2026-06-16 02:01:48","10"
"EVT-IND-091","19.139127","72.648081","2025-01-13 00:00:00","2025-01-14 02:43:48","5"
"EVT-IND-092","23.267753","72.096865","2025-12-30 00:00:00","2025-12-30 08:43:48","10"
"EVT-IND-093","28.487455","77.332212","2025-06-01 00:00:00","2025-06-03 14:15:36","2"
"EVT-IND-094","21.994227","73.089124","2025-03-21 00:00:00","2025-03-22 03:45:00","4"
"EVT-IND-095","12.382159","80.08059","2025-12-17 00:00:00","2025-12-18 09:24:36","11"
"EVT-IND-096","17.423715","78.487169","2025-12-19 00:00:00","2025-12-21 12:00:00","8"
"EVT-IND-097","26.22471","84.993488","2025-10-14 00:00:00","2025-10-15 14:31:48","9"
"EVT-IND-098","26.450229","76.08644","2025-05-27 00:00:00","2025-05-28 11:19:48","10"
"EVT-IND-099","21.080371","73.093643","2025-07-03 00:00:00","2025-07-05 14:13:12","2"
"EVT-IND-100","18.284426","73.607382","2025-03-14 00:00:00","2025-03-14 10:04:12","4"
"EVT-WIL-001","29.529076","77.613824","2025-04-18 00:00:00","2025-04-20 21:39:00","8"
"EVT-WIL-002","31.302966","76.981057","2026-03-09 00:00:00","2026-03-09 23:59:24","9"
"EVT-WIL-003","32.762158","76.770343","2025-01-17 00:00:00","2025-01-19 06:40:12","6"
"EVT-WIL-004","34.614577","74.518381","2025-06-07 00:00:00","2025-06-08 02:31:48","6"
"EVT-WIL-005","23.103395","77.395254","2025-10-15 00:00:00","2025-10-17 21:54:00","3"
"EVT-WIL-006","22.727774","75.647788","2026-05-21 00:00:00","2026-05-22 16:21:36","7"
"EVT-WIL-007","21.137668","79.789428","2026-04-05 00:00:00","2026-04-05 23:19:48","6"
"EVT-WIL-008","14.979427","75.732619","2025-11-09 00:00:00","2025-11-11 02:42:00","4"
"EVT-WIL-009","10.6038","77.2374","2025-04-30 00:00:00","2025-05-03 08:31:48","8"
"EVT-WIL-010","9.923413","75.72029","2025-03-15 00:00:00","2025-03-17 01:11:24","1"
"EVT-WIL-011","30.46069","78.683023","2025-05-13 00:00:00","2025-05-17 19:05:24","1"
"EVT-WIL-012","31.219195","76.9171","2025-10-22 00:00:00","2025-10-24 16:39:00","3"
"EVT-WIL-013","32.041513","76.179781","2026-01-18 00:00:00","2026-01-22 08:12:36","4"
"EVT-WIL-014","34.419557","74.267136","2025-03-10 00:00:00","2025-03-13 12:52:48","9"
"EVT-WIL-015","22.256431","77.301497","2026-04-11 00:00:00","2026-04-11 05:11:24","4"
"EVT-WIL-016","22.881374","75.202774","2025-06-02 00:00:00","2025-06-03 00:13:12","9"
"EVT-WIL-017","21.388935","79.177767","2025-05-21 00:00:00","2025-05-22 03:53:24","5"
"EVT-WIL-018","15.665722","76.053799","2026-04-04 00:00:00","2026-04-07 14:54:36","4"
"EVT-WIL-019","11.277725","76.860975","2026-02-17 00:00:00","2026-02-19 03:11:24","2"
"EVT-WIL-020","10.057407","75.78056","2025-05-10 00:00:00","2025-05-13 06:07:48","3"
"EVT-WIL-021","30.178165","78.545713","2025-09-04 00:00:00","2025-09-08 01:38:24","6"
"EVT-WIL-022","31.11889","76.723162","2025-09-22 00:00:00","2025-09-22 14:10:48","5"
"EVT-WIL-023","31.709002","76.186663","2025-06-02 00:00:00","2025-06-02 18:32:24","2"
"EVT-WIL-024","34.146259","74.581597","2025-07-26 00:00:00","2025-07-30 02:39:00","2"
"EVT-WIL-025","23.041289","77.876401","2025-04-09 00:00:00","2025-04-10 13:03:00","2"
"EVT-WIL-026","22.020487","75.268886","2025-10-19 00:00:00","2025-10-22 23:10:48","7"
"EVT-WIL-027","21.523408","79.507682","2026-01-19 00:00:00","2026-01-22 23:22:12","1"
"EVT-WIL-028","14.726728","75.388307","2025-12-27 00:00:00","2025-12-28 12:15:36","8"
"EVT-WIL-029","11.155228","76.40733","2026-02-08 00:00:00","2026-02-12 13:40:48","1"
"EVT-WIL-030","9.980174","75.981499","2026-06-24 00:00:00","2026-06-27 20:51:00","8"
"EVT-WIL-031","30.311971","77.52344","2026-03-31 00:00:00","2026-04-02 00:01:48","2"
"EVT-WIL-032","30.53748","76.35288","2025-05-08 00:00:00","2025-05-10 01:00:00","2"
"EVT-WIL-033","32.30251","76.875619","2026-06-21 00:00:00","2026-06-25 13:00:00","7"
"EVT-WIL-034","33.94937","74.898177","2025-11-21 00:00:00","2025-11-21 20:16:12","3"
"EVT-WIL-035","23.276195","77.679249","2025-03-28 00:00:00","2025-03-31 19:26:24","2"
"EVT-WIL-036","22.713637","75.956774","2025-03-27 00:00:00","2025-03-27 15:01:12","9"
"EVT-WIL-037","20.623563","79.10691","2025-12-30 00:00:00","2025-12-30 23:26:24","5"
"EVT-WIL-038","15.453266","75.097965","2025-01-05 00:00:00","2025-01-09 09:11:24","7"
"EVT-WIL-039","11.115485","76.711262","2025-11-21 00:00:00","2025-11-21 03:54:36","4"
"EVT-WIL-040","9.405966","75.908406","2025-06-22 00:00:00","2025-06-25 18:12:36","6"
"EVT-WIL-041","30.262163","77.548518","2025-05-01 00:00:00","2025-05-04 13:29:24","7"
"EVT-WIL-042","31.154297","76.35952","2026-05-17 00:00:00","2026-05-17 17:46:48","5"
"EVT-WIL-043","31.864561","76.367709","2026-01-02 00:00:00","2026-01-02 16:46:12","9"
"EVT-WIL-044","33.754514","74.612055","2025-02-15 00:00:00","2025-02-15 21:12:00","7"
"EVT-WIL-045","22.972986","77.451573","2025-08-16 00:00:00","2025-08-17 02:46:48","2"
"EVT-WIL-046","22.448521","75.641069","2025-03-02 00:00:00","2025-03-05 09:18:00","3"
"EVT-WIL-047","20.925271","78.718196","2026-02-10 00:00:00","2026-02-13 19:29:24","5"
"EVT-WIL-048","14.863931","76.311032","2025-02-14 00:00:00","2025-02-18 14:40:48","6"
"EVT-WIL-049","11.257516","77.380309","2026-06-07 00:00:00","2026-06-07 04:49:48","9"
"EVT-WIL-050","9.816643","76.215475","2025-02-27 00:00:00","2025-03-01 12:31:12","9"
"EVT-WIL-051","30.330393","78.368457","2025-07-14 00:00:00","2025-07-17 05:02:24","9"
"EVT-WIL-052","30.367109","77.442633","2025-06-24 00:00:00","2025-06-25 09:01:48","2"
"EVT-WIL-053","31.827935","76.468516","2025-02-13 00:00:00","2025-02-17 06:12:36","6"
"EVT-WIL-054","33.625096","74.084095","2025-02-26 00:00:00","2025-02-28 22:13:48","7"
"EVT-WIL-055","23.200872","77.77791","2025-02-25 00:00:00","2025-03-01 12:33:36","2"
"EVT-WIL-056","22.589828","75.940149","2026-04-30 00:00:00","2026-05-01 03:42:36","2"
"EVT-WIL-057","21.399499","79.585937","2025-09-18 00:00:00","2025-09-20 09:31:48","7"
"EVT-WIL-058","14.919377","74.959292","2025-04-07 00:00:00","2025-04-07 03:07:48","1"
"EVT-WIL-059","11.233487","76.549481","2025-10-03 00:00:00","2025-10-06 02:09:00","1"
"EVT-WIL-060","9.715583","76.626172","2025-09-28 00:00:00","2025-10-01 16:14:24","2"
"EVT-WIL-061","30.619679","78.28855","2025-07-23 00:00:00","2025-07-26 02:37:12","2"
"EVT-WIL-062","30.658684","77.206589","2025-02-21 00:00:00","2025-02-22 10:55:48","7"
"EVT-WIL-063","31.597261","76.094513","2026-01-30 00:00:00","2026-01-30 19:10:12","5"
"EVT-WIL-064","33.826664","74.967083","2025-10-20 00:00:00","2025-10-23 06:30:36","3"
"EVT-WIL-065","22.59729","77.488646","2025-09-02 00:00:00","2025-09-03 18:01:48","3"
"EVT-WIL-066","22.437401","75.381615","2025-02-22 00:00:00","2025-02-26 21:44:24","8"
"EVT-WIL-067","20.987617","78.855143","2026-06-03 00:00:00","2026-06-07 21:23:24","5"
"EVT-WIL-068","15.547879","75.710331","2026-01-28 00:00:00","2026-01-30 13:02:24","9"
"EVT-WIL-069","10.550084","76.440666","2025-03-11 00:00:00","2025-03-12 00:49:12","3"
"EVT-WIL-070","9.769305","76.616094","2025-10-01 00:00:00","2025-10-02 02:27:00","7"
"EVT-WIL-071","30.35229","77.639165","2026-02-05 00:00:00","2026-02-08 13:31:48","1"
"EVT-WIL-072","30.722287","76.666948","2025-09-21 00:00:00","2025-09-21 05:42:36","4"
"EVT-WIL-073","31.72658","75.631188","2025-07-01 00:00:00","2025-07-01 04:00:00","3"
"EVT-WIL-074","33.679914","74.852757","2025-11-20 00:00:00","2025-11-22 04:41:24","9"
"EVT-WIL-075","23.293007","77.687241","2026-02-17 00:00:00","2026-02-21 00:06:36","3"
"EVT-WIL-076","23.209909","75.491149","2025-07-07 00:00:00","2025-07-08 09:10:12","1"
"EVT-WIL-077","21.221084","79.358589","2026-02-13 00:00:00","2026-02-17 03:03:00","3"
"EVT-WIL-078","15.351601","76.532146","2025-01-05 00:00:00","2025-01-09 15:37:12","8"
"EVT-WIL-079","11.963195","77.093783","2025-07-26 00:00:00","2025-07-30 16:30:36","7"
"EVT-WIL-080","10.009704","76.477636","2025-05-21 00:00:00","2025-05-23 10:24:00","3"
"EVT-WIL-081","30.528248","78.468724","2026-05-01 00:00:00","2026-05-02 07:08:24","2"
"EVT-WIL-082","31.27316","77.351105","2025-11-16 00:00:00","2025-11-17 15:06:00","1"
"EVT-WIL-083","32.922824","76.515544","2025-09-10 00:00:00","2025-09-11 18:06:00","3"
"EVT-WIL-084","33.894863","74.735399","2025-01-10 00:00:00","2025-01-14 22:25:12","4"
"EVT-WIL-085","23.71199","78.035012","2025-08-28 00:00:00","2025-09-01 05:15:00","6"
"EVT-WIL-086","22.33472","75.939704","2025-02-23 00:00:00","2025-02-23 12:08:24","6"
"EVT-WIL-087","21.132115","79.056633","2025-02-14 00:00:00","2025-02-14 06:08:24","2"
"EVT-WIL-088","15.298153","76.121885","2026-06-18 00:00:00","2026-06-22 11:52:48","9"
"EVT-WIL-089","10.184748","76.681127","2025-07-31 00:00:00","2025-07-31 08:58:12","4"
"EVT-WIL-090","10.152146","76.585238","2025-06-08 00:00:00","2025-06-08 17:29:24","3"
"EVT-WIL-091","30.476996","78.159253","2025-04-24 00:00:00","2025-04-24 08:54:00","8"
"EVT-WIL-092","32.005181","76.910899","2025-02-10 00:00:00","2025-02-12 12:34:48","1"
"EVT-WIL-093","32.67086","76.414897","2025-11-05 00:00:00","2025-11-07 15:03:00","8"
"EVT-WIL-094","34.230513","75.237523","2026-01-11 00:00:00","2026-01-12 05:16:12","3"
"EVT-WIL-095","23.351164","77.400839","2025-03-03 00:00:00","2025-03-03 02:18:00","1"
"EVT-WIL-096","23.003707","75.51827","2026-06-09 00:00:00","2026-06-10 06:25:12","3"
"EVT-WIL-097","21.198328","79.201597","2026-04-17 00:00:00","2026-04-19 15:47:24","3"
"EVT-WIL-098","15.00818","75.990018","2026-02-17 00:00:00","2026-02-20 19:07:12","2"
"EVT-WIL-099","10.921004","77.232419","2026-04-20 00:00:00","2026-04-20 20:05:24","6"
"EVT-WIL-100","9.350239","76.37538","2025-07-02 00:00:00","2025-07-05 23:02:24","5"
"EVT-AGR-001","30.597921","75.280676","2025-02-26 00:00:00","2025-02-27 04:47:24","2"
"EVT-AGR-002","31.10477","75.791882","2025-11-17 00:00:00","2025-11-18 00:44:24","1"
"EVT-AGR-003","30.607219","76.34553","2025-05-02 00:00:00","2025-05-03 20:24:00","1"
"EVT-AGR-004","29.08334","76.285511","2025-01-28 00:00:00","2025-01-28 03:30:36","1"
"EVT-AGR-005","29.173896","77.416746","2025-01-31 00:00:00","2025-02-01 02:46:48","1"
"EVT-AGR-006","26.90577","77.853922","2025-05-03 00:00:00","2025-05-04 06:09:00","1"
"EVT-AGR-007","26.9208","81.212952","2025-10-12 00:00:00","2025-10-12 12:44:24","3"
"EVT-AGR-008","25.39803","82.973112","2025-07-03 00:00:00","2025-07-04 09:33:36","3"
"EVT-AGR-009","23.375077","80.07352","2025-05-18 00:00:00","2025-05-19 07:46:48","4"
"EVT-AGR-010","23.255108","78.700209","2025-02-23 00:00:00","2025-02-23 02:13:12","4"
"EVT-AGR-011","30.270832","76.519867","2026-01-25 00:00:00","2026-01-25 06:51:00","4"
"EVT-AGR-012","31.021515","75.27333","2025-12-19 00:00:00","2025-12-19 07:46:48","3"
"EVT-AGR-013","30.676724","76.271058","2026-03-01 00:00:00","2026-03-02 15:40:48","2"
"EVT-AGR-014","29.184435","76.10172","2026-04-10 00:00:00","2026-04-10 04:52:12","3"
"EVT-AGR-015","29.500195","77.77042","2025-10-21 00:00:00","2025-10-22 17:33:36","5"
"EVT-AGR-016","27.524723","78.037051","2025-11-07 00:00:00","2025-11-08 20:34:12","5"
"EVT-AGR-017","26.947112","80.276377","2025-10-18 00:00:00","2025-10-19 04:01:12","4"
"EVT-AGR-018","24.733788","83.262202","2025-02-07 00:00:00","2025-02-08 14:37:48","3"
"EVT-AGR-019","23.719575","80.060411","2025-02-16 00:00:00","2025-02-17 23:23:24","1"
"EVT-AGR-020","23.395999","78.541677","2026-04-18 00:00:00","2026-04-18 11:48:36","2"
"EVT-AGR-021","30.721227","75.959222","2026-03-09 00:00:00","2026-03-10 01:04:48","3"
"EVT-AGR-022","31.483435","75.223292","2025-10-28 00:00:00","2025-10-29 03:05:24","1"
"EVT-AGR-023","30.472092","76.715767","2025-11-17 00:00:00","2025-11-18 13:47:24","5"
"EVT-AGR-024","28.538861","76.135009","2025-07-14 00:00:00","2025-07-15 09:49:48","5"
"EVT-AGR-025","29.157846","77.757371","2025-08-24 00:00:00","2025-08-24 08:36:00","5"
"EVT-AGR-026","27.137026","77.99038","2026-06-20 00:00:00","2026-06-21 06:58:48","3"
"EVT-AGR-027","27.298175","80.339086","2026-02-16 00:00:00","2026-02-17 04:14:24","5"
"EVT-AGR-028","25.308626","82.832926","2026-04-03 00:00:00","2026-04-04 11:21:36","1"
"EVT-AGR-029","23.547618","79.821947","2025-01-12 00:00:00","2025-01-12 14:31:48","1"
"EVT-AGR-030","23.235952","78.962091","2026-05-14 00:00:00","2026-05-14 22:45:00","2"
"EVT-AGR-031","31.239704","76.059148","2025-07-10 00:00:00","2025-07-11 04:37:48","4"
"EVT-AGR-032","31.699092","75.710869","2025-04-24 00:00:00","2025-04-24 21:17:24","5"
"EVT-AGR-033","30.205962","77.074415","2026-01-05 00:00:00","2026-01-05 22:30:36","4"
"EVT-AGR-034","29.156217","75.603985","2025-12-02 00:00:00","2025-12-03 02:46:12","1"
"EVT-AGR-035","28.445243","77.811021","2025-09-23 00:00:00","2025-09-23 10:35:24","2"
"EVT-AGR-036","26.828208","78.180744","2026-06-11 00:00:00","2026-06-12 03:41:24","2"
"EVT-AGR-037","26.480858","80.747497","2025-10-07 00:00:00","2025-10-07 08:34:12","3"
"EVT-AGR-038","25.198738","82.662473","2025-01-05 00:00:00","2025-01-06 08:20:24","4"
"EVT-AGR-039","22.536258","79.749271","2026-01-20 00:00:00","2026-01-21 14:31:12","1"
"EVT-AGR-040","23.372684","78.656229","2025-06-25 00:00:00","2025-06-26 19:57:36","3"
"EVT-AGR-041","30.668889","75.625514","2026-05-08 00:00:00","2026-05-08 07:01:12","1"
"EVT-AGR-042","31.725906","75.583213","2025-12-18 00:00:00","2025-12-18 04:07:12","5"
"EVT-AGR-043","29.612584","77.197553","2026-06-05 00:00:00","2026-06-05 10:52:12","5"
"EVT-AGR-044","29.363187","76.497965","2025-12-20 00:00:00","2025-12-21 12:17:24","1"
"EVT-AGR-045","28.881809","77.660165","2025-09-21 00:00:00","2025-09-21 23:17:24","2"
"EVT-AGR-046","26.820359","78.194028","2026-02-05 00:00:00","2026-02-06 23:18:36","2"
"EVT-AGR-047","26.608135","81.65719","2026-05-08 00:00:00","2026-05-09 07:12:00","1"
"EVT-AGR-048","25.104065","83.778782","2025-09-06 00:00:00","2025-09-06 13:41:24","4"
"EVT-AGR-049","23.665802","80.210655","2025-03-16 00:00:00","2025-03-17 15:20:24","3"
"EVT-AGR-050","23.661545","78.115159","2026-06-05 00:00:00","2026-06-06 12:45:36","2"
"EVT-AGR-051","31.246537","75.65895","2025-09-08 00:00:00","2025-09-08 19:20:24","2"
"EVT-AGR-052","31.330633","75.833707","2025-02-15 00:00:00","2025-02-15 15:10:48","4"
"EVT-AGR-053","29.935941","76.586102","2025-11-18 00:00:00","2025-11-18 22:21:00","5"
"EVT-AGR-054","29.407351","75.758616","2025-06-28 00:00:00","2025-06-29 12:46:12","3"
"EVT-AGR-055","29.849633","77.766078","2025-02-08 00:00:00","2025-02-09 17:21:00","1"
"EVT-AGR-056","26.876688","78.004973","2026-01-20 00:00:00","2026-01-21 23:09:36","2"
"EVT-AGR-057","26.529822","81.000128","2025-01-30 00:00:00","2025-01-31 23:16:48","1"
"EVT-AGR-058","24.961994","82.791117","2026-01-19 00:00:00","2026-01-19 04:47:24","5"
"EVT-AGR-059","23.747094","80.259235","2025-03-19 00:00:00","2025-03-19 08:15:00","3"
"EVT-AGR-060","23.168216","78.641961","2025-02-20 00:00:00","2025-02-20 17:31:48","3"
"EVT-AGR-061","31.27399","76.045402","2026-06-11 00:00:00","2026-06-12 09:41:24","1"
"EVT-AGR-062","31.409702","75.67087","2026-02-15 00:00:00","2026-02-15 07:13:48","3"
"EVT-AGR-063","30.160833","77.072479","2025-05-12 00:00:00","2025-05-13 18:19:48","2"
"EVT-AGR-064","29.330683","75.469149","2026-03-10 00:00:00","2026-03-10 04:43:48","5"
"EVT-AGR-065","28.641115","77.453268","2025-01-08 00:00:00","2025-01-09 10:22:12","1"
"EVT-AGR-066","27.030306","77.807316","2025-12-13 00:00:00","2025-12-14 07:01:12","4"
"EVT-AGR-067","26.82517","81.192652","2025-01-21 00:00:00","2025-01-21 23:31:12","5"
"EVT-AGR-068","25.406879","82.766707","2025-09-26 00:00:00","2025-09-27 20:52:12","1"
"EVT-AGR-069","23.011844","80.177428","2026-03-01 00:00:00","2026-03-02 14:39:36","4"
"EVT-AGR-070","22.500946","78.962222","2026-01-18 00:00:00","2026-01-18 17:30:36","5"
"EVT-AGR-071","30.7829","75.894907","2026-03-12 00:00:00","2026-03-13 13:22:12","1"
"EVT-AGR-072","31.263883","75.444182","2025-11-15 00:00:00","2025-11-15 15:57:00","2"
"EVT-AGR-073","29.710319","77.231485","2026-04-12 00:00:00","2026-04-12 08:40:12","5"
"EVT-AGR-074","29.037477","75.931116","2026-04-07 00:00:00","2026-04-08 09:12:36","2"
"EVT-AGR-075","28.829134","77.529241","2025-10-10 00:00:00","2025-10-11 09:31:12","4"
"EVT-AGR-076","27.23463","78.28069","2025-03-01 00:00:00","2025-03-02 07:58:12","5"
"EVT-AGR-077","26.866372","80.847721","2025-10-18 00:00:00","2025-10-18 19:55:12","2"
"EVT-AGR-078","25.379757","83.162657","2025-12-22 00:00:00","2025-12-23 03:24:36","3"
"EVT-AGR-079","22.824645","80.044364","2025-08-26 00:00:00","2025-08-26 16:25:12","4"
"EVT-AGR-080","22.435705","78.139877","2026-02-13 00:00:00","2026-02-13 22:12:00","4"
"EVT-AGR-081","30.666882","75.831582","2025-07-28 00:00:00","2025-07-28 20:15:00","4"
"EVT-AGR-082","31.009642","75.48512","2025-10-26 00:00:00","2025-10-27 12:14:24","3"
"EVT-AGR-083","29.84116","77.463192","2026-03-04 00:00:00","2026-03-04 19:25:48","4"
"EVT-AGR-084","29.389346","76.133411","2026-02-14 00:00:00","2026-02-15 22:04:48","3"
"EVT-AGR-085","29.261878","77.14463","2025-05-13 00:00:00","2025-05-13 18:54:00","5"
"EVT-AGR-086","27.199092","77.877395","2025-03-01 00:00:00","2025-03-02 14:22:48","1"
"EVT-AGR-087","27.35833","80.650064","2026-03-15 00:00:00","2026-03-15 06:22:48","5"
"EVT-AGR-088","24.654005","83.471277","2026-06-23 00:00:00","2026-06-24 10:25:12","4"
"EVT-AGR-089","23.187938","79.811772","2026-04-25 00:00:00","2026-04-25 21:57:00","2"
"EVT-AGR-090","22.874695","78.741408","2025-06-15 00:00:00","2025-06-16 14:37:48","4"
"EVT-AGR-091","30.957534","76.434139","2026-02-07 00:00:00","2026-02-08 21:42:36","4"
"EVT-AGR-092","31.219433","75.732461","2026-04-22 00:00:00","2026-04-23 07:49:48","1"
"EVT-AGR-093","29.506244","76.339176","2025-01-09 00:00:00","2025-01-10 16:16:12","4"
"EVT-AGR-094","29.120767","76.208801","2025-09-01 00:00:00","2025-09-01 03:54:36","1"
"EVT-AGR-095","29.346333","77.109965","2025-05-23 00:00:00","2025-05-23 12:36:36","2"
"EVT-AGR-096","27.763508","78.259172","2025-07-30 00:00:00","2025-07-30 11:00:00","1"
"EVT-AGR-097","26.965575","81.011318","2025-05-13 00:00:00","2025-05-13 17:15:00","4"
"EVT-AGR-098","25.126148","82.956543","2025-06-09 00:00:00","2025-06-09 05:26:24","4"
"EVT-AGR-099","24.027732","79.500067","2025-11-24 00:00:00","2025-11-24 02:09:36","3"
"EVT-AGR-100","22.324945","78.958515","2025-01-26 00:00:00","2025-01-27 23:38:24","4"
