"event_id","event_code","frp_mean","frp_max","confidence_mean","brightness_temp_mean","facility_distance_m","facilities_within_1km","facilities_within_5km","industrial_ratio","forest_ratio","agriculture_ratio","builtup_ratio","detection_count","event_duration_hours","recurrence_frequency","persistence","persistence_score"
"EVT-IND-001","EVT-IND-001","133.092","149.147","0.985","","1153.65","5","5","0.909","0.01","0.054","0.472","3","47.07","0","RECURRING","55"
"EVT-IND-002","EVT-IND-002","60.222","88.282","0.793","","1250.07","2","2","0.9","0.028","0.116","0.786","8","56.49","0","PERSISTENT","70"
"EVT-IND-003","EVT-IND-003","48.915","76.419","0.936","","1452.89","1","1","0.758","0.03","0.056","0.364","6","35.3","0","PERSISTENT","70"
"EVT-IND-004","EVT-IND-004","92.759","155.325","0.927","","502.93","4","4","0.916","0.031","0.035","0.659","10","11.78","0","RECURRING","30"
"EVT-IND-005","EVT-IND-005","128.052","202.178","0.944","","715.43","4","4","0.838","0.011","0.014","0.651","8","41.57","0","PERSISTENT","70"
"EVT-IND-006","EVT-IND-006","110.805","162.817","0.844","","94.69","2","2","0.721","0.033","0.102","0.39","6","6.08","0","RECURRING","30"
"EVT-IND-007","EVT-IND-007","111.34","182.366","0.92","","639.26","4","4","0.919","0.013","0.003","0.304","9","34.33","0","PERSISTENT","70"
"EVT-IND-008","EVT-IND-008","48.608","76.424","0.874","","602.48","2","2","0.858","0.029","0.011","0.321","5","69.33","0","PERSISTENT","70"
"EVT-IND-009","EVT-IND-009","175.222","286.324","0.931","","701.57","2","2","0.74","0.008","0.108","0.523","9","23.42","0","RECURRING","50"
"EVT-IND-010","EVT-IND-010","157.775","255.421","0.931","","676.53","2","2","0.843","0.052","0.01","0.499","8","4.91","0","RECURRING","30"
"EVT-IND-011","EVT-IND-011","41.027","61.161","0.816","","1391.42","1","1","0.842","0.028","0.071","0.264","3","35.76","0","RECURRING","55"
"EVT-IND-012","EVT-IND-012","100.432","142.416","0.977","","879.01","3","3","0.738","0.027","0.062","0.513","6","3.51","0","RECURRING","30"
"EVT-IND-013","EVT-IND-013","110.876","125.448","0.921","","457.79","1","1","0.868","0.058","0.092","0.315","8","18.11","0","RECURRING","50"
"EVT-IND-014","EVT-IND-014","82.493","137.956","0.95","","509.85","2","2","0.746","0.041","0.031","0.812","11","13.52","0","RECURRING","50"
"EVT-IND-015","EVT-IND-015","163.21","263.006","0.967","","1345.5","5","5","0.821","0.025","0.093","0.647","6","8.61","0","RECURRING","30"
"EVT-IND-016","EVT-IND-016","170.206","209.477","0.806","","1255.11","5","5","0.709","0.048","0.105","0.368","3","23.72","0","RECURRING","35"
"EVT-IND-017","EVT-IND-017","47.304","50.164","0.828","","241.14","3","3","0.874","0.01","0.061","0.667","9","15.98","0","RECURRING","50"
"EVT-IND-018","EVT-IND-018","139.543","160.236","0.806","","1394.97","1","1","0.749","0.039","0.08","0.823","5","22.05","0","RECURRING","50"
"EVT-IND-019","EVT-IND-019","123.266","139.22","0.809","","657.72","3","3","0.969","0.048","0.112","0.733","6","56.93","0","PERSISTENT","70"
"EVT-IND-020","EVT-IND-020","153.561","253.01","0.829","","819.62","4","4","0.936","0.048","0.05","0.475","8","31.81","0","PERSISTENT","70"
"EVT-IND-021","EVT-IND-021","63.415","77.842","0.937","","1234.02","3","3","0.685","0.005","0.071","0.338","3","23.72","0","RECURRING","35"
"EVT-IND-022","EVT-IND-022","50.657","64.008","0.812","","217.46","3","3","0.668","0.014","0.006","0.605","2","49.65","0","TEMPORARY","40"
"EVT-IND-023","EVT-IND-023","160.626","271.192","0.789","","313.17","3","3","0.728","0.02","0.069","0.5","4","28.15","0","RECURRING","55"
"EVT-IND-024","EVT-IND-024","154.186","167.904","0.974","","193.71","5","5","0.948","0.078","0.096","0.718","10","46.97","0","PERSISTENT","70"
"EVT-IND-025","EVT-IND-025","104.705","177.284","0.877","","608.38","3","3","0.861","0.021","0.017","0.537","3","18.28","0","RECURRING","35"
"EVT-IND-026","EVT-IND-026","75.762","101.112","0.924","","480.47","4","4","0.952","0.038","0.039","0.571","11","61.4","0","PERSISTENT","70"
"EVT-IND-027","EVT-IND-027","123.102","155.862","0.934","","343.49","3","3","0.879","0.069","0.016","0.619","8","52.8","0","PERSISTENT","70"
"EVT-IND-028","EVT-IND-028","46.298","81.909","0.948","","910.84","3","3","0.912","0.076","0.03","0.604","9","8.65","0","RECURRING","30"
"EVT-IND-029","EVT-IND-029","97.228","140.2","0.94","","1208.9","3","3","0.812","0.048","0.112","0.322","9","8.14","0","RECURRING","30"
"EVT-IND-030","EVT-IND-030","145.02","225.277","0.85","","1352.63","5","5","0.739","0.029","0.038","0.345","9","12.34","0","RECURRING","50"
"EVT-IND-031","EVT-IND-031","138.101","202.283","0.977","","1181.44","2","2","0.808","0.03","0.118","0.681","10","10.29","0","RECURRING","30"
"EVT-IND-032","EVT-IND-032","43.898","65.46","0.924","","67.84","1","1","0.922","0.024","0.055","0.515","6","23.13","0","RECURRING","50"
"EVT-IND-033","EVT-IND-033","179.54","306.906","0.84","","1263.5","1","1","0.685","0.08","0.08","0.64","8","64.79","0","PERSISTENT","70"
"EVT-IND-034","EVT-IND-034","47.168","77.006","0.822","","1370.43","2","2","0.662","0.0","0.006","0.614","8","58.1","0","PERSISTENT","70"
"EVT-IND-035","EVT-IND-035","149.149","260.392","0.942","","1062.28","1","1","0.927","0.003","0.024","0.325","8","54.16","0","PERSISTENT","70"
"EVT-IND-036","EVT-IND-036","49.058","78.54","0.821","","442.6","1","1","0.973","0.049","0.007","0.62","9","4.96","0","RECURRING","30"
"EVT-IND-037","EVT-IND-037","39.217","46.576","0.986","","714.91","1","1","0.909","0.051","0.069","0.337","4","23.09","0","RECURRING","35"
"EVT-IND-038","EVT-IND-038","125.631","220.539","0.811","","787.11","4","4","0.806","0.01","0.016","0.417","6","23.33","0","RECURRING","50"
"EVT-IND-039","EVT-IND-039","88.831","120.507","0.826","","903.04","4","4","0.755","0.003","0.05","0.534","3","42.07","0","RECURRING","55"
"EVT-IND-040","EVT-IND-040","125.432","193.081","0.846","","1191.78","2","2","0.792","0.05","0.043","0.558","7","53.57","0","PERSISTENT","70"
"EVT-IND-041","EVT-IND-041","105.643","174.3","0.846","","1264.2","3","3","0.813","0.009","0.009","0.755","10","21.64","0","RECURRING","50"
"EVT-IND-042","EVT-IND-042","73.653","118.363","0.783","","1249.4","4","4","0.773","0.012","0.072","0.322","10","27.54","0","PERSISTENT","70"
"EVT-IND-043","EVT-IND-043","73.199","114.611","0.928","","612.37","4","4","0.861","0.001","0.025","0.565","6","13.61","0","RECURRING","50"
"EVT-IND-044","EVT-IND-044","111.175","186.697","0.988","","255.31","3","3","0.78","0.006","0.091","0.51","6","34.85","0","PERSISTENT","70"
"EVT-IND-045","EVT-IND-045","31.921","39.091","0.841","","760.79","5","5","0.844","0.039","0.01","0.396","10","46.63","0","PERSISTENT","70"
"EVT-IND-046","EVT-IND-046","143.25","156.655","0.857","","832.31","5","5","0.929","0.039","0.092","0.761","5","37.34","0","PERSISTENT","70"
"EVT-IND-047","EVT-IND-047","77.792","110.784","0.892","","202.22","5","5","0.782","0.073","0.076","0.357","2","15.41","1","TEMPORARY","20"
"EVT-IND-048","EVT-IND-048","94.472","120.986","0.906","","60.61","3","3","0.882","0.051","0.118","0.622","4","35.43","0","RECURRING","55"
"EVT-IND-049","EVT-IND-049","174.298","285.239","0.962","","215.45","4","4","0.892","0.035","0.066","0.642","6","70.92","0","PERSISTENT","70"
"EVT-IND-050","EVT-IND-050","141.247","185.016","0.806","","109.37","3","3","0.812","0.079","0.056","0.837","9","30.81","0","PERSISTENT","70"
"EVT-IND-051","EVT-IND-051","149.319","260.342","0.953","","103.61","3","3","0.773","0.004","0.013","0.655","9","56.16","0","PERSISTENT","70"
"EVT-IND-052","EVT-IND-052","149.135","162.069","0.829","","951.75","2","2","0.651","0.041","0.081","0.268","10","30.09","0","PERSISTENT","70"
"EVT-IND-053","EVT-IND-053","157.181","206.068","0.959","","483.47","2","2","0.845","0.032","0.033","0.782","10","7.94","0","RECURRING","30"
"EVT-IND-054","EVT-IND-054","150.152","270.132","0.842","","641.52","3","3","0.84","0.08","0.084","0.607","3","29.47","0","RECURRING","55"
"EVT-IND-055","EVT-IND-055","81.634","89.828","0.822","","75.62","1","1","0.8","0.051","0.041","0.502","10","54.64","0","PERSISTENT","70"
"EVT-IND-056","EVT-IND-056","164.035","201.159","0.848","","1368.14","2","2","0.895","0.047","0.078","0.43","7","18.9","0","RECURRING","50"
"EVT-IND-057","EVT-IND-057","68.903","101.365","0.946","","1186.54","5","5","0.795","0.038","0.119","0.655","4","65.18","0","RECURRING","55"
"EVT-IND-058","EVT-IND-058","112.136","126.313","0.917","","1435.26","4","4","0.793","0.003","0.115","0.312","7","4.88","0","RECURRING","30"
"EVT-IND-059","EVT-IND-059","104.994","134.857","0.791","","211.82","3","3","0.777","0.005","0.084","0.374","11","29.59","0","PERSISTENT","70"
"EVT-IND-060","EVT-IND-060","42.371","71.907","0.78","","786.84","2","2","0.76","0.035","0.094","0.755","6","20.22","0","RECURRING","50"
"EVT-IND-061","EVT-IND-061","130.905","159.86","0.849","","1399.06","3","3","0.666","0.037","0.085","0.34","8","11.67","0","RECURRING","30"
"EVT-IND-062","EVT-IND-062","54.19","58.171","0.803","","949.22","3","3","0.838","0.047","0.102","0.253","4","61.74","0","RECURRING","55"
"EVT-IND-063","EVT-IND-063","157.601","195.535","0.973","","708.96","4","4","0.849","0.079","0.043","0.738","3","57.94","0","RECURRING","55"
"EVT-IND-064","EVT-IND-064","89.174","114.876","0.796","","93.26","4","4","0.656","0.013","0.087","0.675","5","53.7","0","PERSISTENT","70"
"EVT-IND-065","EVT-IND-065","44.534","51.561","0.926","","300.77","3","3","0.817","0.079","0.0","0.26","7","42.92","0","PERSISTENT","70"
"EVT-IND-066","EVT-IND-066","161.459","234.463","0.911","","446.12","4","4","0.846","0.024","0.08","0.752","2","3.27","0","TEMPORARY","0"
"EVT-IND-067","EVT-IND-067","64.318","96.997","0.896","","624.44","5","5","0.874","0.058","0.068","0.705","9","31.35","0","PERSISTENT","70"
"EVT-IND-068","EVT-IND-068","148.384","213.699","0.866","","186.4","4","4","0.78","0.055","0.018","0.827","10","14.49","0","RECURRING","50"
"EVT-IND-069","EVT-IND-069","138.692","236.993","0.86","","799.68","3","3","0.895","0.058","0.094","0.592","6","65.28","0","PERSISTENT","70"
"EVT-IND-070","EVT-IND-070","40.479","48.708","0.936","","83.55","2","2","0.774","0.058","0.107","0.487","11","24.34","0","PERSISTENT","70"
"EVT-IND-071","EVT-IND-071","118.275","207.163","0.878","","335.28","3","3","0.774","0.032","0.016","0.348","5","25.76","0","PERSISTENT","70"
"EVT-IND-072","EVT-IND-072","40.333","65.143","0.965","","453.26","3","3","0.711","0.042","0.056","0.406","4","5.16","0","RECURRING","15"
"EVT-IND-073","EVT-IND-073","101.804","115.345","0.833","","477.42","4","4","0.902","0.07","0.108","0.841","8","68.71","0","PERSISTENT","70"
"EVT-IND-074","EVT-IND-074","72.192","105.738","0.8","","1276.41","4","4","0.829","0.013","0.03","0.346","8","61.64","0","PERSISTENT","70"
"EVT-IND-075","EVT-IND-075","82.544","111.735","0.94","","1169.91","2","2","0.718","0.075","0.014","0.788","9","20.52","0","RECURRING","50"
"EVT-IND-076","EVT-IND-076","89.103","123.621","0.832","","1079.86","1","1","0.939","0.027","0.064","0.399","10","19.14","0","RECURRING","50"
"EVT-IND-077","EVT-IND-077","145.491","209.251","0.883","","818.13","5","5","0.827","0.035","0.016","0.325","3","35.74","0","RECURRING","55"
"EVT-IND-078","EVT-IND-078","110.935","133.764","0.833","","93.58","2","2","0.953","0.026","0.073","0.529","3","30.03","0","RECURRING","55"
"EVT-IND-079","EVT-IND-079","151.838","243.883","0.878","","271.67","5","5","0.954","0.027","0.006","0.455","2","45.59","1","TEMPORARY","40"
"EVT-IND-080","EVT-IND-080","57.853","100.828","0.872","","976.57","4","4","0.978","0.022","0.007","0.525","2","11.03","0","TEMPORARY","0"
"EVT-IND-081","EVT-IND-081","167.887","216.468","0.932","","718.59","2","2","0.868","0.048","0.057","0.82","7","14.41","0","RECURRING","50"
"EVT-IND-082","EVT-IND-082","31.239","43.336","0.967","","1136.95","2","2","0.825","0.053","0.036","0.819","11","27.64","0","PERSISTENT","70"
"EVT-IND-083","EVT-IND-083","136.566","195.522","0.97","","657.99","3","3","0.864","0.027","0.049","0.514","4","8.42","0","RECURRING","15"
"EVT-IND-084","EVT-IND-084","127.751","136.032","0.849","","336.82","1","1","0.934","0.02","0.08","0.328","9","21.26","0","RECURRING","50"
"EVT-IND-085","EVT-IND-085","166.101","199.635","0.894","","1067.02","4","4","0.964","0.049","0.031","0.625","2","70.33","0","TEMPORARY","40"
"EVT-IND-086","EVT-IND-086","28.6","38.612","0.964","","934.83","2","2","0.959","0.068","0.039","0.577","6","36.29","0","PERSISTENT","70"
"EVT-IND-087","EVT-IND-087","166.464","290.131","0.957","","1468.4","2","2","0.896","0.061","0.092","0.538","8","18.82","0","RECURRING","50"
"EVT-IND-088","EVT-IND-088","64.96","96.756","0.866","","367.34","4","4","0.934","0.013","0.001","0.452","10","57.83","0","PERSISTENT","70"
"EVT-IND-089","EVT-IND-089","42.934","57.641","0.99","","329.26","4","4","0.701","0.034","0.074","0.81","4","6.87","0","RECURRING","15"
"EVT-IND-090","EVT-IND-090","66.948","114.725","0.919","","212.17","4","4","0.708","0.034","0.066","0.55","10","50.03","0","PERSISTENT","70"
"EVT-IND-091","EVT-IND-091","105.051","117.804","0.933","","1466.16","5","5","0.755","0.037","0.051","0.281","5","26.73","0","PERSISTENT","70"
"EVT-IND-092","EVT-IND-092","152.291","207.496","0.848","","1135.79","4","4","0.812","0.071","0.017","0.777","10","8.73","0","RECURRING","30"
"EVT-IND-093","EVT-IND-093","33.185","34.857","0.872","","1173.2","1","1","0.661","0.052","0.099","0.351","2","62.26","0","TEMPORARY","40"
"EVT-IND-094","EVT-IND-094","151.976","170.147","0.863","","1119.81","3","3","0.898","0.04","0.09","0.529","4","27.75","0","RECURRING","55"
"EVT-IND-095","EVT-IND-095","43.431","48.403","0.817","","304.25","4","4","0.922","0.032","0.119","0.332","11","33.41","0","PERSISTENT","70"
"EVT-IND-096","EVT-IND-096","176.217","300.388","0.82","","370.16","3","3","0.745","0.059","0.068","0.581","8","60.0","0","PERSISTENT","70"
"EVT-IND-097","EVT-IND-097","118.242","167.27","0.835","","657.05","1","1","0.9","0.066","0.067","0.481","9","38.53","0","PERSISTENT","70"
"EVT-IND-098","EVT-IND-098","129.881","142.812","0.78","","357.8","3","3","0.863","0.014","0.107","0.532","10","35.33","0","PERSISTENT","70"
"EVT-IND-099","EVT-IND-099","115.795","138.561","0.923","","360.43","2","2","0.683","0.017","0.051","0.356","2","62.22","0","TEMPORARY","40"
"EVT-IND-100","EVT-IND-100","33.567","44.242","0.836","","935.2","3","3","0.943","0.074","0.012","0.314","4","10.07","0","RECURRING","15"
"EVT-WIL-001","EVT-WIL-001","123.141","225.202","0.847","","99694.3","0","0","0.004","0.723","0.065","0.19","8","69.65","0","PERSISTENT","70"
"EVT-WIL-002","EVT-WIL-002","84.796","128.804","0.972","","43027.38","0","0","0.04","0.801","0.026","0.064","9","23.99","0","RECURRING","50"
"EVT-WIL-003","EVT-WIL-003","63.801","91.761","0.821","","66249.72","0","0","0.093","0.951","0.078","0.066","6","54.67","0","PERSISTENT","70"
"EVT-WIL-004","EVT-WIL-004","93.16","126.202","0.797","","42830.54","0","0","0.009","0.621","0.145","0.078","6","26.53","0","PERSISTENT","70"
"EVT-WIL-005","EVT-WIL-005","134.018","258.807","0.867","","69543.18","0","0","0.005","0.957","0.078","0.185","3","69.9","0","RECURRING","55"
"EVT-WIL-006","EVT-WIL-006","94.4","101.5","0.908","","86397.37","0","0","0.05","0.75","0.001","0.157","7","40.36","0","PERSISTENT","70"
"EVT-WIL-007","EVT-WIL-007","50.551","60.791","0.917","","53686.32","0","0","0.054","0.965","0.193","0.171","6","23.33","0","RECURRING","50"
"EVT-WIL-008","EVT-WIL-008","25.166","45.812","0.835","","59924.13","0","0","0.098","0.811","0.085","0.074","4","50.7","0","RECURRING","55"
"EVT-WIL-009","EVT-WIL-009","52.66","70.49","0.945","","10205.27","0","0","0.052","0.749","0.138","0.033","8","80.53","0","PERSISTENT","70"
"EVT-WIL-010","EVT-WIL-010","79.259","122.546","0.76","","20845.38","0","0","0.019","0.698","0.019","0.189","1","49.19","0","TEMPORARY","40"
"EVT-WIL-011","EVT-WIL-011","107.75","202.338","0.878","","47470.4","0","0","0.043","0.565","0.107","0.199","1","115.09","0","TEMPORARY","40"
"EVT-WIL-012","EVT-WIL-012","145.448","158.955","0.962","","85047.77","0","0","0.012","0.576","0.167","0.031","3","64.65","0","RECURRING","55"
"EVT-WIL-013","EVT-WIL-013","76.752","85.192","0.971","","36580.19","0","0","0.019","0.673","0.193","0.019","4","104.21","0","RECURRING","55"
"EVT-WIL-014","EVT-WIL-014","136.323","265.314","0.736","","81212.55","0","0","0.055","0.784","0.18","0.194","9","84.88","0","PERSISTENT","70"
"EVT-WIL-015","EVT-WIL-015","64.24","91.345","0.725","","15124.12","0","0","0.078","0.742","0.186","0.122","4","5.19","0","RECURRING","15"
"EVT-WIL-016","EVT-WIL-016","42.806","65.919","0.962","","97901.73","0","0","0.024","0.571","0.031","0.013","9","24.22","0","PERSISTENT","70"
"EVT-WIL-017","EVT-WIL-017","103.898","129.018","0.924","","64836.58","0","0","0.086","0.958","0.07","0.018","5","27.89","0","PERSISTENT","70"
"EVT-WIL-018","EVT-WIL-018","125.616","196.395","0.751","","37507.54","0","0","0.065","0.839","0.087","0.046","4","86.91","0","RECURRING","55"
"EVT-WIL-019","EVT-WIL-019","26.097","39.739","0.845","","54753.75","0","0","0.044","0.978","0.097","0.096","2","51.19","0","TEMPORARY","40"
"EVT-WIL-020","EVT-WIL-020","105.641","116.025","0.975","","51148.47","0","0","0.09","0.754","0.012","0.164","3","78.13","0","RECURRING","55"
"EVT-WIL-021","EVT-WIL-021","138.434","228.349","0.797","","68952.72","0","0","0.067","0.963","0.074","0.085","6","97.64","0","PERSISTENT","70"
"EVT-WIL-022","EVT-WIL-022","42.324","74.404","0.737","","26269.7","0","0","0.063","0.871","0.179","0.055","5","14.18","0","RECURRING","50"
"EVT-WIL-023","EVT-WIL-023","53.699","83.391","0.947","","77970.23","0","0","0.071","0.625","0.072","0.096","2","18.54","0","TEMPORARY","20"
"EVT-WIL-024","EVT-WIL-024","92.536","159.141","0.72","","52263.33","0","0","0.078","0.872","0.163","0.09","2","98.65","0","TEMPORARY","40"
"EVT-WIL-025","EVT-WIL-025","80.123","113.971","0.767","","77163.83","0","0","0.031","0.667","0.026","0.088","2","37.05","0","TEMPORARY","40"
"EVT-WIL-026","EVT-WIL-026","149.501","227.695","0.88","","87779.85","0","0","0.1","0.814","0.178","0.182","7","95.18","0","PERSISTENT","70"
"EVT-WIL-027","EVT-WIL-027","81.58","123.969","0.814","","60271.4","0","0","0.055","0.91","0.022","0.045","1","95.37","0","TEMPORARY","40"
"EVT-WIL-028","EVT-WIL-028","143.485","193.508","0.812","","32663.83","0","0","0.061","0.954","0.069","0.111","8","36.26","0","PERSISTENT","70"
"EVT-WIL-029","EVT-WIL-029","152.394","218.34","0.934","","70682.31","0","0","0.019","0.625","0.162","0.053","1","109.68","0","TEMPORARY","40"
"EVT-WIL-030","EVT-WIL-030","45.288","59.436","0.97","","32342.98","0","0","0.043","0.736","0.051","0.155","8","92.85","0","PERSISTENT","70"
"EVT-WIL-031","EVT-WIL-031","10.646","16.955","0.978","","11555.28","0","0","0.021","0.773","0.162","0.018","2","48.03","0","TEMPORARY","40"
"EVT-WIL-032","EVT-WIL-032","39.324","56.609","0.834","","87286.93","0","0","0.064","0.847","0.197","0.082","2","49.0","0","TEMPORARY","40"
"EVT-WIL-033","EVT-WIL-033","123.186","140.789","0.831","","26451.75","0","0","0.019","0.749","0.058","0.159","7","109.0","0","PERSISTENT","70"
"EVT-WIL-034","EVT-WIL-034","48.209","56.804","0.964","","44988.4","0","0","0.022","0.914","0.08","0.007","3","20.27","0","RECURRING","35"
"EVT-WIL-035","EVT-WIL-035","147.609","274.324","0.938","","28944.83","0","0","0.005","0.923","0.061","0.124","2","91.44","0","TEMPORARY","40"
"EVT-WIL-036","EVT-WIL-036","119.256","175.207","0.945","","56526.1","0","0","0.074","0.903","0.15","0.058","9","15.02","0","RECURRING","50"
"EVT-WIL-037","EVT-WIL-037","97.397","138.824","0.92","","92010.15","0","0","0.025","0.867","0.136","0.105","5","23.44","0","RECURRING","50"
"EVT-WIL-038","EVT-WIL-038","147.679","293.139","0.799","","66716.57","0","0","0.047","0.974","0.019","0.082","7","105.19","0","PERSISTENT","70"
"EVT-WIL-039","EVT-WIL-039","156.997","296.622","0.784","","78857.77","0","0","0.034","0.811","0.132","0.166","4","3.91","0","RECURRING","15"
"EVT-WIL-040","EVT-WIL-040","84.341","92.981","0.798","","87589.22","0","0","0.003","0.72","0.189","0.01","6","90.21","0","PERSISTENT","70"
"EVT-WIL-041","EVT-WIL-041","142.856","179.302","0.849","","79692.83","0","0","0.025","0.649","0.005","0.192","7","85.49","0","PERSISTENT","70"
"EVT-WIL-042","EVT-WIL-042","81.42","120.262","0.879","","26541.22","0","0","0.089","0.899","0.07","0.116","5","17.78","0","RECURRING","50"
"EVT-WIL-043","EVT-WIL-043","59.824","72.428","0.759","","16280.13","0","0","0.012","0.581","0.198","0.015","9","16.77","0","RECURRING","50"
"EVT-WIL-044","EVT-WIL-044","104.637","197.561","0.879","","56035.51","0","0","0.071","0.742","0.069","0.094","7","21.2","0","RECURRING","50"
"EVT-WIL-045","EVT-WIL-045","46.953","86.861","0.792","","71116.59","0","0","0.086","0.583","0.153","0.062","2","26.78","0","TEMPORARY","40"
"EVT-WIL-046","EVT-WIL-046","95.325","126.338","0.855","","65211.31","0","0","0.061","0.818","0.027","0.139","3","81.3","0","RECURRING","55"
"EVT-WIL-047","EVT-WIL-047","71.355","80.801","0.762","","48568.56","0","0","0.074","0.652","0.166","0.109","5","91.49","0","PERSISTENT","70"
"EVT-WIL-048","EVT-WIL-048","149.196","226.363","0.848","","63383.72","0","0","0.074","0.581","0.103","0.096","6","110.68","0","PERSISTENT","70"
"EVT-WIL-049","EVT-WIL-049","77.586","94.798","0.761","","16757.25","0","0","0.0","0.736","0.154","0.147","9","4.83","0","RECURRING","30"
"EVT-WIL-050","EVT-WIL-050","35.105","57.758","0.791","","67023.64","0","0","0.041","0.877","0.046","0.181","9","60.52","0","PERSISTENT","70"
"EVT-WIL-051","EVT-WIL-051","43.592","57.652","0.77","","32184.16","0","0","0.058","0.977","0.198","0.105","9","77.04","0","PERSISTENT","70"
"EVT-WIL-052","EVT-WIL-052","89.281","164.384","0.785","","48462.43","0","0","0.099","0.974","0.181","0.16","2","33.03","0","TEMPORARY","40"
"EVT-WIL-053","EVT-WIL-053","85.825","142.027","0.814","","76924.02","0","0","0.033","0.692","0.025","0.038","6","102.21","0","PERSISTENT","70"
"EVT-WIL-054","EVT-WIL-054","93.097","99.623","0.789","","24284.13","0","0","0.066","0.668","0.013","0.011","7","70.23","0","PERSISTENT","70"
"EVT-WIL-055","EVT-WIL-055","100.985","148.696","0.824","","14605.34","0","0","0.08","0.934","0.002","0.036","2","108.56","0","TEMPORARY","40"
"EVT-WIL-056","EVT-WIL-056","108.998","189.501","0.868","","95689.65","0","0","0.049","0.679","0.095","0.072","2","27.71","0","TEMPORARY","40"
"EVT-WIL-057","EVT-WIL-057","12.766","18.73","0.88","","64157.18","0","0","0.078","0.899","0.142","0.021","7","57.53","0","PERSISTENT","70"
"EVT-WIL-058","EVT-WIL-058","43.539","64.531","0.816","","24253.36","0","0","0.082","0.948","0.04","0.186","1","3.13","0","TEMPORARY","0"
"EVT-WIL-059","EVT-WIL-059","124.453","245.383","0.954","","97305.33","0","0","0.055","0.584","0.17","0.123","1","74.15","0","TEMPORARY","40"
"EVT-WIL-060","EVT-WIL-060","120.966","135.635","0.904","","86106.01","0","0","0.047","0.769","0.062","0.194","2","88.24","0","TEMPORARY","40"
"EVT-WIL-061","EVT-WIL-061","79.588","154.834","0.906","","27802.42","0","0","0.086","0.713","0.17","0.048","2","74.62","0","TEMPORARY","40"
"EVT-WIL-062","EVT-WIL-062","158.097","188.62","0.725","","70025.96","0","0","0.034","0.581","0.095","0.151","7","34.93","0","PERSISTENT","70"
"EVT-WIL-063","EVT-WIL-063","136.41","201.078","0.967","","67873.1","0","0","0.012","0.931","0.098","0.028","5","19.17","0","RECURRING","50"
"EVT-WIL-064","EVT-WIL-064","30.968","45.493","0.816","","56012.63","0","0","0.028","0.564","0.123","0.075","3","78.51","0","RECURRING","55"
"EVT-WIL-065","EVT-WIL-065","78.482","111.787","0.927","","42761.06","0","0","0.053","0.805","0.004","0.103","3","42.03","0","RECURRING","55"
"EVT-WIL-066","EVT-WIL-066","151.361","162.131","0.868","","78273.65","0","0","0.028","0.889","0.126","0.186","8","117.74","0","PERSISTENT","70"
"EVT-WIL-067","EVT-WIL-067","32.011","43.839","0.977","","9493.2","0","0","0.045","0.912","0.065","0.096","5","117.39","0","PERSISTENT","70"
"EVT-WIL-068","EVT-WIL-068","49.871","76.246","0.725","","46976.27","0","0","0.093","0.766","0.194","0.052","9","61.04","0","PERSISTENT","70"
"EVT-WIL-069","EVT-WIL-069","138.321","196.471","0.849","","97840.49","0","0","0.019","0.68","0.006","0.078","3","24.82","0","RECURRING","55"
"EVT-WIL-070","EVT-WIL-070","49.521","68.709","0.798","","73941.16","0","0","0.047","0.705","0.171","0.114","7","26.45","0","PERSISTENT","70"
"EVT-WIL-071","EVT-WIL-071","84.19","98.312","0.767","","76734.2","0","0","0.013","0.897","0.187","0.121","1","85.53","0","TEMPORARY","40"
"EVT-WIL-072","EVT-WIL-072","34.428","53.13","0.849","","24367.95","0","0","0.061","0.556","0.186","0.053","4","5.71","0","RECURRING","15"
"EVT-WIL-073","EVT-WIL-073","14.921","19.628","0.754","","42833.13","0","0","0.039","0.696","0.066","0.018","3","4.0","0","RECURRING","15"
"EVT-WIL-074","EVT-WIL-074","149.279","228.249","0.849","","36941.5","0","0","0.077","0.879","0.169","0.179","9","52.69","0","PERSISTENT","70"
"EVT-WIL-075","EVT-WIL-075","149.386","170.244","0.978","","78848.35","0","0","0.009","0.832","0.007","0.154","3","96.11","1","RECURRING","55"
"EVT-WIL-076","EVT-WIL-076","51.389","74.178","0.712","","49235.88","0","0","0.027","0.719","0.085","0.176","1","33.17","0","TEMPORARY","40"
"EVT-WIL-077","EVT-WIL-077","85.377","123.528","0.772","","54246.5","0","0","0.015","0.701","0.113","0.083","3","99.05","0","RECURRING","55"
"EVT-WIL-078","EVT-WIL-078","155.139","286.422","0.74","","56434.33","0","0","0.017","0.902","0.117","0.053","8","111.62","0","PERSISTENT","70"
"EVT-WIL-079","EVT-WIL-079","18.827","30.462","0.928","","14212.51","0","0","0.051","0.661","0.133","0.024","7","112.51","0","PERSISTENT","70"
"EVT-WIL-080","EVT-WIL-080","98.145","170.003","0.824","","22378.8","0","0","0.01","0.98","0.091","0.175","3","58.4","0","RECURRING","55"
"EVT-WIL-081","EVT-WIL-081","149.445","291.435","0.788","","40675.17","0","0","0.045","0.729","0.038","0.18","2","31.14","0","TEMPORARY","40"
"EVT-WIL-082","EVT-WIL-082","108.06","148.265","0.884","","16649.95","0","0","0.095","0.872","0.175","0.027","1","39.1","0","TEMPORARY","40"
"EVT-WIL-083","EVT-WIL-083","19.095","26.741","0.771","","43504.76","0","0","0.02","0.663","0.125","0.078","3","42.1","0","RECURRING","55"
"EVT-WIL-084","EVT-WIL-084","98.128","193.105","0.846","","91701.38","0","0","0.079","0.575","0.086","0.14","4","118.42","0","RECURRING","55"
"EVT-WIL-085","EVT-WIL-085","28.985","51.127","0.842","","74555.69","0","0","0.087","0.82","0.122","0.151","6","101.25","0","PERSISTENT","70"
"EVT-WIL-086","EVT-WIL-086","42.44","79.25","0.882","","46660.47","0","0","0.019","0.696","0.141","0.041","6","12.14","0","RECURRING","50"
"EVT-WIL-087","EVT-WIL-087","53.847","106.265","0.898","","64168.02","0","0","0.031","0.679","0.008","0.146","2","6.14","0","TEMPORARY","0"
"EVT-WIL-088","EVT-WIL-088","123.475","184.973","0.836","","48124.55","0","0","0.032","0.774","0.086","0.12","9","107.88","0","PERSISTENT","70"
"EVT-WIL-089","EVT-WIL-089","37.106","51.374","0.78","","24057.42","0","0","0.076","0.763","0.184","0.007","4","8.97","0","RECURRING","15"
"EVT-WIL-090","EVT-WIL-090","157.904","197.146","0.755","","60774.94","0","0","0.05","0.8","0.075","0.165","3","17.49","0","RECURRING","35"
"EVT-WIL-091","EVT-WIL-091","65.436","104.001","0.719","","23669.36","0","0","0.007","0.863","0.058","0.145","8","8.9","0","RECURRING","30"
"EVT-WIL-092","EVT-WIL-092","13.563","14.967","0.939","","29592.72","0","0","0.055","0.733","0.159","0.098","1","60.58","0","TEMPORARY","40"
"EVT-WIL-093","EVT-WIL-093","17.762","26.711","0.948","","69199.68","0","0","0.069","0.663","0.084","0.073","8","63.05","0","PERSISTENT","70"
"EVT-WIL-094","EVT-WIL-094","47.628","66.526","0.742","","88233.6","0","0","0.06","0.608","0.139","0.17","3","29.27","0","RECURRING","55"
"EVT-WIL-095","EVT-WIL-095","124.338","247.162","0.713","","76822.53","0","0","0.007","0.805","0.151","0.072","1","2.3","0","TEMPORARY","0"
"EVT-WIL-096","EVT-WIL-096","38.424","44.868","0.855","","62872.95","0","0","0.079","0.874","0.179","0.161","3","30.42","0","RECURRING","55"
"EVT-WIL-097","EVT-WIL-097","149.792","254.316","0.973","","46355.95","0","0","0.054","0.759","0.021","0.047","3","63.79","0","RECURRING","55"
"EVT-WIL-098","EVT-WIL-098","39.697","70.544","0.727","","90825.59","0","0","0.073","0.58","0.138","0.126","2","91.12","0","TEMPORARY","40"
"EVT-WIL-099","EVT-WIL-099","58.369","99.953","0.968","","62052.0","0","0","0.066","0.738","0.151","0.2","6","20.09","0","RECURRING","50"
"EVT-WIL-100","EVT-WIL-100","95.735","104.985","0.813","","61634.0","0","0","0.059","0.833","0.144","0.128","5","95.04","0","PERSISTENT","70"
"EVT-AGR-001","EVT-AGR-001","55.103","98.747","0.877","","12684.69","0","0","0.089","0.033","0.866","0.21","2","28.79","0","TEMPORARY","40"
"EVT-AGR-002","EVT-AGR-002","87.09","144.99","0.831","","36299.75","0","0","0.021","0.029","0.711","0.237","1","24.74","0","TEMPORARY","40"
"EVT-AGR-003","EVT-AGR-003","82.494","113.499","0.904","","73229.92","0","0","0.017","0.091","0.962","0.112","1","44.4","0","TEMPORARY","40"
"EVT-AGR-004","EVT-AGR-004","57.464","70.68","0.918","","47381.0","0","0","0.102","0.143","0.907","0.084","1","3.51","0","TEMPORARY","0"
"EVT-AGR-005","EVT-AGR-005","66.02","95.281","0.802","","15153.12","0","0","0.015","0.035","0.91","0.054","1","26.78","0","TEMPORARY","40"
"EVT-AGR-006","EVT-AGR-006","58.515","79.749","0.862","","82537.45","0","0","0.137","0.135","0.907","0.165","1","30.15","0","TEMPORARY","40"
"EVT-AGR-007","EVT-AGR-007","96.019","148.614","0.907","","37068.96","0","0","0.002","0.076","0.768","0.121","3","12.74","0","RECURRING","35"
"EVT-AGR-008","EVT-AGR-008","97.144","116.28","0.773","","29986.64","0","0","0.075","0.097","0.959","0.086","3","33.56","0","RECURRING","55"
"EVT-AGR-009","EVT-AGR-009","7.945","12.513","0.877","","68472.2","0","0","0.077","0.091","0.72","0.029","4","31.78","0","RECURRING","55"
"EVT-AGR-010","EVT-AGR-010","57.97","97.875","0.92","","51342.42","0","0","0.105","0.129","0.603","0.233","4","2.22","0","RECURRING","15"
"EVT-AGR-011","EVT-AGR-011","5.37","7.671","0.777","","19109.4","0","0","0.068","0.06","0.88","0.225","4","6.85","0","RECURRING","15"
"EVT-AGR-012","EVT-AGR-012","13.43","18.746","0.953","","85806.51","0","0","0.1","0.069","0.874","0.027","3","7.78","0","RECURRING","15"
"EVT-AGR-013","EVT-AGR-013","38.366","69.199","0.918","","46891.21","0","0","0.116","0.041","0.763","0.065","2","39.68","0","TEMPORARY","40"
"EVT-AGR-014","EVT-AGR-014","96.162","119.633","0.95","","53553.12","0","0","0.084","0.051","0.674","0.076","3","4.87","0","RECURRING","15"
"EVT-AGR-015","EVT-AGR-015","54.493","77.069","0.815","","22788.57","0","0","0.123","0.03","0.858","0.195","5","41.56","0","PERSISTENT","70"
"EVT-AGR-016","EVT-AGR-016","74.294","128.45","0.873","","76939.16","0","0","0.063","0.122","0.87","0.124","5","44.57","0","PERSISTENT","70"
"EVT-AGR-017","EVT-AGR-017","26.449","46.671","0.795","","38497.15","0","0","0.037","0.074","0.897","0.226","4","28.02","0","RECURRING","55"
"EVT-AGR-018","EVT-AGR-018","47.491","65.958","0.817","","54469.93","0","0","0.071","0.123","0.871","0.099","3","38.63","0","RECURRING","55"
"EVT-AGR-019","EVT-AGR-019","32.105","53.881","0.749","","62069.3","0","0","0.038","0.077","0.958","0.108","1","47.39","0","TEMPORARY","40"
"EVT-AGR-020","EVT-AGR-020","42.364","75.836","0.88","","50282.94","0","0","0.122","0.106","0.751","0.225","2","11.81","0","TEMPORARY","0"
"EVT-AGR-021","EVT-AGR-021","28.489","35.96","0.72","","78147.9","1","1","0.034","0.075","0.976","0.023","3","25.08","0","RECURRING","55"
"EVT-AGR-022","EVT-AGR-022","43.982","52.46","0.895","","71700.26","0","0","0.059","0.134","0.551","0.089","1","27.09","0","TEMPORARY","40"
"EVT-AGR-023","EVT-AGR-023","22.245","33.371","0.885","","53900.07","0","0","0.014","0.127","0.625","0.196","5","37.79","0","PERSISTENT","70"
"EVT-AGR-024","EVT-AGR-024","52.217","56.29","0.745","","66541.04","0","0","0.012","0.132","0.893","0.22","5","33.83","0","PERSISTENT","70"
"EVT-AGR-025","EVT-AGR-025","92.315","104.819","0.772","","11158.67","0","0","0.142","0.067","0.84","0.213","5","8.6","0","RECURRING","30"
"EVT-AGR-026","EVT-AGR-026","9.643","16.306","0.783","","60130.73","0","0","0.039","0.02","0.6","0.044","3","30.98","0","RECURRING","55"
"EVT-AGR-027","EVT-AGR-027","70.251","105.959","0.951","","37760.21","0","0","0.125","0.011","0.868","0.247","5","28.24","0","PERSISTENT","70"
"EVT-AGR-028","EVT-AGR-028","69.551","118.573","0.969","","46859.35","0","0","0.089","0.018","0.655","0.096","1","35.36","0","TEMPORARY","40"
"EVT-AGR-029","EVT-AGR-029","87.958","144.205","0.692","","7404.85","0","0","0.084","0.042","0.807","0.12","1","14.53","0","TEMPORARY","20"
"EVT-AGR-030","EVT-AGR-030","95.807","180.466","0.894","","44543.06","0","0","0.122","0.11","0.645","0.124","2","22.75","0","TEMPORARY","20"
"EVT-AGR-031","EVT-AGR-031","66.734","85.412","0.788","","8881.29","0","0","0.118","0.065","0.738","0.076","4","28.63","0","RECURRING","55"
"EVT-AGR-032","EVT-AGR-032","77.913","106.741","0.79","","41662.05","0","0","0.048","0.114","0.954","0.172","5","21.29","0","RECURRING","50"
"EVT-AGR-033","EVT-AGR-033","35.184","40.061","0.8","","15527.83","0","0","0.062","0.084","0.95","0.028","4","22.51","0","RECURRING","35"
"EVT-AGR-034","EVT-AGR-034","25.595","32.849","0.796","","49968.35","0","0","0.024","0.014","0.786","0.096","1","26.77","0","TEMPORARY","40"
"EVT-AGR-035","EVT-AGR-035","15.289","17.702","0.722","","88408.5","1","1","0.093","0.092","0.974","0.04","2","10.59","0","TEMPORARY","0"
"EVT-AGR-036","EVT-AGR-036","41.475","76.379","0.723","","89750.87","0","0","0.097","0.145","0.575","0.232","2","27.69","1","TEMPORARY","40"
"EVT-AGR-037","EVT-AGR-037","68.984","99.186","0.725","","25750.12","0","0","0.128","0.005","0.855","0.25","3","8.57","0","RECURRING","15"
"EVT-AGR-038","EVT-AGR-038","61.03","99.564","0.851","","36040.7","0","0","0.089","0.031","0.792","0.223","4","32.34","0","RECURRING","55"
"EVT-AGR-039","EVT-AGR-039","28.24","29.92","0.966","","23910.99","0","0","0.122","0.025","0.672","0.116","1","38.52","0","TEMPORARY","40"
"EVT-AGR-040","EVT-AGR-040","19.59","33.502","0.723","","82637.39","1","1","0.05","0.024","0.555","0.077","3","43.96","0","RECURRING","55"
"EVT-AGR-041","EVT-AGR-041","61.257","77.709","0.837","","32238.67","0","0","0.043","0.086","0.629","0.128","1","7.02","0","TEMPORARY","0"
"EVT-AGR-042","EVT-AGR-042","82.855","133.05","0.886","","65871.13","0","0","0.092","0.042","0.593","0.159","5","4.12","1","RECURRING","30"
"EVT-AGR-043","EVT-AGR-043","20.232","31.741","0.909","","74859.86","0","0","0.046","0.082","0.792","0.129","5","10.87","0","RECURRING","30"
"EVT-AGR-044","EVT-AGR-044","83.776","130.27","0.751","","68382.38","0","0","0.116","0.088","0.598","0.038","1","36.29","0","TEMPORARY","40"
"EVT-AGR-045","EVT-AGR-045","71.328","91.786","0.886","","85592.55","1","1","0.014","0.049","0.651","0.11","2","23.29","0","TEMPORARY","20"
"EVT-AGR-046","EVT-AGR-046","18.422","23.524","0.929","","56205.44","0","0","0.118","0.01","0.659","0.073","2","47.31","0","TEMPORARY","40"
"EVT-AGR-047","EVT-AGR-047","22.509","35.795","0.79","","83563.83","0","0","0.115","0.067","0.872","0.244","1","31.2","0","TEMPORARY","40"
"EVT-AGR-048","EVT-AGR-048","89.223","101.082","0.868","","71541.24","0","0","0.074","0.093","0.615","0.07","4","13.69","0","RECURRING","35"
"EVT-AGR-049","EVT-AGR-049","88.867","121.555","0.809","","39824.59","0","0","0.027","0.11","0.743","0.024","3","39.34","0","RECURRING","55"
"EVT-AGR-050","EVT-AGR-050","91.147","121.851","0.857","","56748.66","1","1","0.033","0.017","0.834","0.2","2","36.76","0","TEMPORARY","40"
"EVT-AGR-051","EVT-AGR-051","56.947","104.283","0.934","","82864.96","0","0","0.128","0.145","0.75","0.031","2","19.34","0","TEMPORARY","20"
"EVT-AGR-052","EVT-AGR-052","23.565","43.96","0.901","","59480.38","0","0","0.05","0.097","0.63","0.236","4","15.18","0","RECURRING","35"
"EVT-AGR-053","EVT-AGR-053","47.873","76.003","0.726","","62232.91","0","0","0.041","0.041","0.62","0.096","5","22.35","0","RECURRING","50"
"EVT-AGR-054","EVT-AGR-054","56.465","65.474","0.88","","85235.51","0","0","0.135","0.015","0.568","0.186","3","36.77","0","RECURRING","55"
"EVT-AGR-055","EVT-AGR-055","40.771","53.322","0.73","","89661.34","1","1","0.01","0.124","0.825","0.189","1","41.35","0","TEMPORARY","40"
"EVT-AGR-056","EVT-AGR-056","61.86","83.56","0.716","","20821.79","0","0","0.011","0.009","0.944","0.092","2","47.16","0","TEMPORARY","40"
"EVT-AGR-057","EVT-AGR-057","62.076","101.622","0.708","","21027.61","0","0","0.011","0.091","0.974","0.175","1","47.28","0","TEMPORARY","40"
"EVT-AGR-058","EVT-AGR-058","87.366","118.815","0.681","","48114.91","0","0","0.039","0.074","0.625","0.033","5","4.79","0","RECURRING","30"
"EVT-AGR-059","EVT-AGR-059","32.39","39.379","0.688","","52041.67","0","0","0.105","0.097","0.717","0.148","3","8.25","0","RECURRING","15"
"EVT-AGR-060","EVT-AGR-060","92.66","169.492","0.868","","83900.29","1","1","0.001","0.009","0.597","0.042","3","17.53","0","RECURRING","35"
"EVT-AGR-061","EVT-AGR-061","18.911","31.879","0.783","","6104.43","0","0","0.042","0.05","0.668","0.207","1","33.69","1","TEMPORARY","40"
"EVT-AGR-062","EVT-AGR-062","69.332","84.28","0.868","","46098.49","0","0","0.017","0.078","0.593","0.058","3","7.23","0","RECURRING","15"
"EVT-AGR-063","EVT-AGR-063","35.598","64.557","0.843","","83128.59","0","0","0.045","0.017","0.789","0.099","2","42.33","0","TEMPORARY","40"
"EVT-AGR-064","EVT-AGR-064","57.536","73.663","0.822","","8171.37","0","0","0.015","0.046","0.793","0.03","5","4.73","0","RECURRING","30"
"EVT-AGR-065","EVT-AGR-065","37.176","46.242","0.735","","69889.96","0","0","0.143","0.021","0.963","0.157","1","34.37","0","TEMPORARY","40"
"EVT-AGR-066","EVT-AGR-066","50.93","76.565","0.774","","13946.9","0","0","0.005","0.041","0.591","0.064","4","31.02","0","RECURRING","55"
"EVT-AGR-067","EVT-AGR-067","46.171","62.323","0.889","","54217.26","0","0","0.074","0.073","0.966","0.194","5","23.52","0","RECURRING","50"
"EVT-AGR-068","EVT-AGR-068","35.322","44.772","0.97","","66088.62","0","0","0.009","0.004","0.808","0.036","1","44.87","0","TEMPORARY","40"
"EVT-AGR-069","EVT-AGR-069","32.73","36.146","0.894","","13651.81","0","0","0.013","0.047","0.555","0.12","4","38.66","0","RECURRING","55"
"EVT-AGR-070","EVT-AGR-070","43.618","77.267","0.827","","23958.07","0","0","0.041","0.004","0.654","0.104","5","17.51","0","RECURRING","50"
"EVT-AGR-071","EVT-AGR-071","54.473","72.946","0.918","","18396.13","0","0","0.016","0.075","0.839","0.203","1","37.37","0","TEMPORARY","40"
"EVT-AGR-072","EVT-AGR-072","16.029","17.359","0.775","","47116.76","0","0","0.084","0.072","0.842","0.173","2","15.95","0","TEMPORARY","20"
"EVT-AGR-073","EVT-AGR-073","34.896","46.439","0.881","","60029.92","0","0","0.02","0.066","0.934","0.028","5","8.67","0","RECURRING","30"
"EVT-AGR-074","EVT-AGR-074","5.962","10.9","0.812","","86112.8","0","0","0.13","0.138","0.789","0.067","2","33.21","0","TEMPORARY","40"
"EVT-AGR-075","EVT-AGR-075","30.509","35.62","0.883","","87799.32","0","0","0.004","0.111","0.949","0.037","4","33.52","0","RECURRING","55"
"EVT-AGR-076","EVT-AGR-076","84.27","125.976","0.943","","79629.22","1","1","0.077","0.038","0.768","0.043","5","31.97","0","PERSISTENT","70"
"EVT-AGR-077","EVT-AGR-077","33.454","41.726","0.86","","71876.87","0","0","0.009","0.128","0.92","0.099","2","19.92","0","TEMPORARY","20"
"EVT-AGR-078","EVT-AGR-078","13.204","23.724","0.948","","74837.12","0","0","0.084","0.148","0.657","0.037","3","27.41","0","RECURRING","55"
"EVT-AGR-079","EVT-AGR-079","61.643","78.559","0.734","","8436.71","0","0","0.055","0.132","0.695","0.176","4","16.42","0","RECURRING","35"
"EVT-AGR-080","EVT-AGR-080","58.128","61.083","0.69","","89223.6","0","0","0.141","0.135","0.559","0.202","4","22.2","0","RECURRING","35"
"EVT-AGR-081","EVT-AGR-081","76.376","131.677","0.86","","30606.78","0","0","0.047","0.145","0.739","0.123","4","20.25","0","RECURRING","35"
"EVT-AGR-082","EVT-AGR-082","83.538","152.264","0.95","","52965.18","0","0","0.106","0.126","0.792","0.181","3","36.24","0","RECURRING","55"
"EVT-AGR-083","EVT-AGR-083","52.346","81.137","0.681","","77756.81","0","0","0.092","0.019","0.901","0.185","4","19.43","0","RECURRING","35"
"EVT-AGR-084","EVT-AGR-084","59.198","62.191","0.867","","66044.94","0","0","0.074","0.121","0.843","0.084","3","46.08","0","RECURRING","55"
"EVT-AGR-085","EVT-AGR-085","92.296","156.172","0.857","","19634.51","1","1","0.082","0.115","0.774","0.22","5","18.9","0","RECURRING","50"
"EVT-AGR-086","EVT-AGR-086","15.316","18.08","0.923","","46172.66","0","0","0.002","0.071","0.621","0.182","1","38.38","0","TEMPORARY","40"
"EVT-AGR-087","EVT-AGR-087","33.84","61.098","0.838","","80300.54","0","0","0.034","0.05","0.753","0.13","5","6.38","0","RECURRING","30"
"EVT-AGR-088","EVT-AGR-088","57.554","77.262","0.831","","29859.75","0","0","0.075","0.139","0.818","0.138","4","34.42","0","RECURRING","55"
"EVT-AGR-089","EVT-AGR-089","97.468","169.63","0.93","","46047.17","0","0","0.126","0.046","0.878","0.052","2","21.95","0","TEMPORARY","20"
"EVT-AGR-090","EVT-AGR-090","82.91","105.144","0.896","","11265.53","0","0","0.119","0.06","0.861","0.23","4","38.63","0","RECURRING","55"
"EVT-AGR-091","EVT-AGR-091","32.796","56.846","0.775","","73509.2","1","1","0.013","0.007","0.979","0.22","4","45.71","0","RECURRING","55"
"EVT-AGR-092","EVT-AGR-092","17.352","25.613","0.744","","84521.82","1","1","0.021","0.037","0.636","0.072","1","31.83","0","TEMPORARY","40"
"EVT-AGR-093","EVT-AGR-093","62.243","102.1","0.786","","18577.77","1","1","0.048","0.145","0.817","0.084","4","40.27","0","RECURRING","55"
"EVT-AGR-094","EVT-AGR-094","89.09","144.467","0.866","","21130.29","0","0","0.145","0.09","0.729","0.155","1","3.91","0","TEMPORARY","0"
"EVT-AGR-095","EVT-AGR-095","55.766","71.664","0.689","","74345.84","1","1","0.026","0.008","0.875","0.101","2","12.61","0","TEMPORARY","20"
"EVT-AGR-096","EVT-AGR-096","24.968","32.78","0.739","","32000.69","1","1","0.024","0.063","0.928","0.033","1","11.0","0","TEMPORARY","0"
"EVT-AGR-097","EVT-AGR-097","27.845","39.173","0.741","","15930.02","0","0","0.057","0.086","0.705","0.16","4","17.25","0","RECURRING","35"
"EVT-AGR-098","EVT-AGR-098","35.593","54.664","0.761","","9533.44","0","0","0.026","0.064","0.759","0.062","4","5.44","0","RECURRING","15"
"EVT-AGR-099","EVT-AGR-099","41.234","44.659","0.854","","12841.9","0","0","0.081","0.113","0.732","0.089","3","2.16","0","RECURRING","15"
"EVT-AGR-100","EVT-AGR-100","70.009","77.129","0.724","","33158.53","0","0","0.066","0.11","0.923","0.194","4","47.64","0","RECURRING","55"
